ds,PCR_TESTS,CONFIRMED.sk,ACTIVE.sk,OCCUPIED_BEDS_CALCULATED,unique_id
2020-03-02,0.0,0.0,0.0,,SPb
2020-03-03,0.0,0.0,0.0,,SPb
2020-03-04,0.0,0.0,0.0,,SPb
2020-03-05,0.0,1.0,1.0,,SPb
2020-03-06,0.0,0.0,1.0,,SPb
2020-03-07,0.0,1.0,2.0,,SPb
2020-03-08,0.0,0.0,2.0,,SPb
2020-03-09,0.0,0.0,2.0,,SPb
2020-03-10,0.0,0.0,2.0,,SPb
2020-03-11,0.0,0.0,2.0,,SPb
2020-03-12,0.0,0.0,2.0,,SPb
2020-03-13,0.0,3.0,5.0,,SPb
2020-03-14,0.0,1.0,6.0,,SPb
2020-03-15,0.0,0.0,6.0,,SPb
2020-03-16,0.0,3.0,7.0,,SPb
2020-03-17,0.0,0.0,7.0,,SPb
2020-03-18,0.0,0.0,7.0,,SPb
2020-03-19,0.0,1.0,8.0,,SPb
2020-03-20,0.0,4.0,12.0,,SPb
2020-03-21,0.0,2.0,14.0,,SPb
2020-03-22,0.0,0.0,14.0,,SPb
2020-03-23,0.0,0.0,14.0,,SPb
2020-03-24,0.0,5.0,19.0,,SPb
2020-03-25,0.0,0.0,19.0,,SPb
2020-03-26,0.0,5.0,21.0,,SPb
2020-03-27,0.0,0.0,21.0,,SPb
2020-03-28,0.0,11.0,32.0,,SPb
2020-03-29,2263.0,5.0,36.0,,SPb
2020-03-30,2263.0,8.0,44.0,,SPb
2020-03-31,3241.0,48.0,89.0,,SPb
2020-04-01,0.0,27.0,116.0,,SPb
2020-04-02,0.0,22.0,138.0,,SPb
2020-04-03,0.0,9.0,147.0,,SPb
2020-04-04,0.0,15.0,162.0,,SPb
2020-04-05,0.0,20.0,182.0,,SPb
2020-04-06,0.0,35.0,192.0,,SPb
2020-04-07,6957.0,69.0,261.0,,SPb
2020-04-08,3279.0,34.0,295.0,,SPb
2020-04-09,8811.0,44.0,326.0,,SPb
2020-04-10,6736.0,35.0,361.0,,SPb
2020-04-11,7554.0,80.0,410.0,,SPb
2020-04-12,5589.0,69.0,479.0,,SPb
2020-04-13,1821.0,121.0,596.0,,SPb
2020-04-14,4703.0,121.0,717.0,,SPb
2020-04-15,3844.0,130.0,829.0,,SPb
2020-04-16,7900.0,154.0,966.0,,SPb
2020-04-17,9413.0,424.0,1369.0,,SPb
2020-04-18,8763.0,139.0,1406.0,,SPb
2020-04-19,9222.0,114.0,1513.0,,SPb
2020-04-20,4768.0,86.0,1597.0,,SPb
2020-04-21,7209.0,127.0,1682.0,,SPb
2020-04-22,7471.0,294.0,1926.0,,SPb
2020-04-23,8196.0,191.0,2073.0,,SPb
2020-04-24,8778.0,253.0,2280.0,,SPb
2020-04-25,9335.0,215.0,2443.0,,SPb
2020-04-26,8410.0,151.0,2561.0,,SPb
2020-04-27,5821.0,161.0,2722.0,,SPb
2020-04-28,5000.0,198.0,2865.0,,SPb
2020-04-29,10863.0,290.0,2989.0,,SPb
2020-04-30,12213.0,336.0,3254.0,,SPb
2020-05-01,7362.0,349.0,3599.0,,SPb
2020-05-02,7737.0,323.0,3824.0,,SPb
2020-05-03,5379.0,295.0,3934.0,,SPb
2020-05-04,3104.0,317.0,4112.0,,SPb
2020-05-05,5241.0,226.0,4067.0,,SPb
2020-05-06,4594.0,312.0,4312.0,,SPb
2020-05-07,7241.0,306.0,4594.0,,SPb
2020-05-08,11324.0,375.0,4920.0,,SPb
2020-05-09,12562.0,425.0,5275.0,,SPb
2020-05-10,9182.0,414.0,5677.0,,SPb
2020-05-11,2847.0,307.0,5974.0,,SPb
2020-05-12,7572.0,339.0,6208.0,,SPb
2020-05-13,9146.0,435.0,6574.0,,SPb
2020-05-14,10613.0,460.0,6977.0,,SPb
2020-05-15,11728.0,541.0,7407.0,,SPb
2020-05-16,13827.0,525.0,7822.0,,SPb
2020-05-17,8200.0,451.0,8202.0,,SPb
2020-05-18,2792.0,425.0,8588.0,,SPb
2020-05-19,13330.0,453.0,8973.0,,SPb
2020-05-20,11351.0,455.0,9216.0,,SPb
2020-05-21,13766.0,408.0,9438.0,,SPb
2020-05-22,14407.0,389.0,9626.0,8038.0,SPb
2020-05-23,14608.0,363.0,9718.0,8038.0,SPb
2020-05-24,10365.0,384.0,9754.0,8038.0,SPb
2020-05-25,3312.0,374.0,9985.0,8038.0,SPb
2020-05-26,11036.0,363.0,10182.0,8038.0,SPb
2020-05-27,12692.0,387.0,9847.0,8038.0,SPb
2020-05-28,14293.0,383.0,9896.0,8038.0,SPb
2020-05-29,14648.0,369.0,9924.0,8038.0,SPb
2020-05-30,13972.0,365.0,10016.0,8038.0,SPb
2020-05-31,10124.0,369.0,10065.0,8038.0,SPb
2020-06-01,4663.0,364.0,10352.0,10309.0,SPb
2020-06-02,11352.0,376.0,10458.0,10309.0,SPb
2020-06-03,13336.0,380.0,10498.0,10309.0,SPb
2020-06-04,15311.0,375.0,10485.0,10309.0,SPb
2020-06-05,22397.0,378.0,10455.0,10309.0,SPb
2020-06-06,22479.0,347.0,10361.0,10309.0,SPb
2020-06-07,18850.0,340.0,10373.0,10309.0,SPb
2020-06-08,12175.0,326.0,10528.0,10309.0,SPb
2020-06-09,18802.0,318.0,10619.0,10309.0,SPb
2020-06-10,21585.0,313.0,10463.0,10309.0,SPb
2020-06-11,20592.0,303.0,10385.0,10309.0,SPb
2020-06-12,25793.0,274.0,10206.0,10309.0,SPb
2020-06-13,21042.0,262.0,10175.0,10309.0,SPb
2020-06-14,15405.0,256.0,10287.0,10309.0,SPb
2020-06-15,13502.0,252.0,10439.0,10309.0,SPb
2020-06-16,20284.0,234.0,10387.0,10309.0,SPb
2020-06-17,18545.0,228.0,9861.0,10309.0,SPb
2020-06-18,23137.0,231.0,9426.0,10309.0,SPb
2020-06-19,23428.0,228.0,8770.0,10309.0,SPb
2020-06-20,22900.0,232.0,8187.0,10309.0,SPb
2020-06-21,19974.0,229.0,7892.0,10309.0,SPb
2020-06-22,11637.0,217.0,7896.0,10309.0,SPb
2020-06-23,16675.0,220.0,7860.0,10309.0,SPb
2020-06-24,17513.0,218.0,7397.0,10309.0,SPb
2020-06-25,17364.0,221.0,7010.0,10309.0,SPb
2020-06-26,20875.0,223.0,6791.0,10309.0,SPb
2020-06-27,21201.0,224.0,6242.0,10309.0,SPb
2020-06-28,15911.0,217.0,5840.0,10309.0,SPb
2020-06-29,10975.0,219.0,5793.0,10309.0,SPb
2020-06-30,15857.0,253.0,5761.0,10309.0,SPb
2020-07-01,16966.0,262.0,5132.0,10309.0,SPb
2020-07-02,16426.0,258.0,4496.0,10309.0,SPb
2020-07-03,18221.0,263.0,4223.0,10309.0,SPb
2020-07-04,19532.0,271.0,4212.0,10309.0,SPb
2020-07-05,17036.0,275.0,4197.0,10309.0,SPb
2020-07-06,11047.0,280.0,4253.0,10309.0,SPb
2020-07-07,13857.0,278.0,4298.0,10309.0,SPb
2020-07-08,14737.0,295.0,4353.0,10309.0,SPb
2020-07-09,17801.0,292.0,4427.0,10309.0,SPb
2020-07-10,19586.0,300.0,4550.0,10309.0,SPb
2020-07-11,18709.0,296.0,4623.0,10309.0,SPb
2020-07-12,14856.0,293.0,4734.0,10309.0,SPb
2020-07-13,9621.0,291.0,4850.0,10309.0,SPb
2020-07-14,13195.0,281.0,4906.0,10309.0,SPb
2020-07-15,15676.0,264.0,4984.0,10309.0,SPb
2020-07-16,14581.0,256.0,5069.0,10309.0,SPb
2020-07-17,17019.0,244.0,5127.0,10309.0,SPb
2020-07-18,15719.0,238.0,5177.0,10309.0,SPb
2020-07-19,13272.0,202.0,5252.0,10309.0,SPb
2020-07-20,8646.0,195.0,5309.0,10309.0,SPb
2020-07-21,14391.0,189.0,5378.0,10309.0,SPb
2020-07-22,14962.0,186.0,5441.0,10309.0,SPb
2020-07-23,18348.0,184.0,5505.0,10309.0,SPb
2020-07-24,17016.0,181.0,5566.0,10309.0,SPb
2020-07-25,16894.0,179.0,5635.0,10309.0,SPb
2020-07-26,13211.0,175.0,5722.0,10309.0,SPb
2020-07-27,9770.0,172.0,5809.0,10309.0,SPb
2020-07-28,10801.0,168.0,5873.0,10309.0,SPb
2020-07-29,12971.0,165.0,5940.0,10309.0,SPb
2020-07-30,15357.0,162.0,5987.0,10309.0,SPb
2020-07-31,17047.0,159.0,6048.0,10309.0,SPb
2020-08-01,19541.0,161.0,6104.0,10309.0,SPb
2020-08-02,14461.0,163.0,6177.0,10309.0,SPb
2020-08-03,9244.0,160.0,6256.0,10309.0,SPb
2020-08-04,9814.0,158.0,6307.0,10309.0,SPb
2020-08-05,14460.0,156.0,6408.0,10309.0,SPb
2020-08-06,18133.0,159.0,6467.0,10309.0,SPb
2020-08-07,18053.0,157.0,6513.0,10309.0,SPb
2020-08-08,17178.0,155.0,6575.0,10309.0,SPb
2020-08-09,13698.0,160.0,6699.0,10309.0,SPb
2020-08-10,8963.0,157.0,6804.0,10309.0,SPb
2020-08-11,12050.0,157.0,6863.0,10309.0,SPb
2020-08-12,14647.0,161.0,6919.0,10309.0,SPb
2020-08-13,17307.0,160.0,6968.0,10309.0,SPb
2020-08-14,17097.0,159.0,7033.0,10309.0,SPb
2020-08-15,19324.0,162.0,7099.0,10309.0,SPb
2020-08-16,15918.0,163.0,7199.0,10309.0,SPb
2020-08-17,8027.0,159.0,7287.0,10309.0,SPb
2020-08-18,13453.0,157.0,7342.0,10309.0,SPb
2020-08-19,16941.0,162.0,7401.0,10309.0,SPb
2020-08-20,20436.0,160.0,7463.0,10309.0,SPb
2020-08-21,20599.0,181.0,7537.0,10309.0,SPb
2020-08-22,20648.0,183.0,7592.0,10309.0,SPb
2020-08-23,15681.0,180.0,7699.0,10309.0,SPb
2020-08-24,10863.0,182.0,7816.0,10309.0,SPb
2020-08-25,15711.0,179.0,7891.0,10309.0,SPb
2020-08-26,18795.0,181.0,7979.0,10309.0,SPb
2020-08-27,21334.0,184.0,8081.0,10309.0,SPb
2020-08-28,21767.0,187.0,8173.0,10309.0,SPb
2020-08-29,21837.0,189.0,8252.0,10309.0,SPb
2020-08-30,18093.0,186.0,8365.0,10309.0,SPb
2020-08-31,10203.0,188.0,8457.0,10309.0,SPb
2020-09-01,16953.0,185.0,8537.0,10309.0,SPb
2020-09-02,19467.0,189.0,8599.0,10309.0,SPb
2020-09-03,21351.0,191.0,8656.0,10309.0,SPb
2020-09-04,22715.0,193.0,8728.0,10309.0,SPb
2020-09-05,22276.0,195.0,8808.0,10309.0,SPb
2020-09-06,17891.0,192.0,8915.0,10309.0,SPb
2020-09-07,12995.0,196.0,9046.0,10309.0,SPb
2020-09-08,15431.0,210.0,9113.0,10309.0,SPb
2020-09-09,18785.0,218.0,9198.0,2676.0,SPb
2020-09-10,23722.0,215.0,9285.0,2676.0,SPb
2020-09-11,23789.0,216.0,9379.0,2676.0,SPb
2020-09-12,23796.0,203.0,9454.0,2676.0,SPb
2020-09-13,18522.0,206.0,9536.0,2676.0,SPb
2020-09-14,11050.0,199.0,9635.0,2676.0,SPb
2020-09-15,17981.0,206.0,9711.0,2676.0,SPb
2020-09-16,23625.0,207.0,9788.0,3103.0,SPb
2020-09-17,24078.0,211.0,9868.0,3103.0,SPb
2020-09-18,23994.0,206.0,9951.0,3103.0,SPb
2020-09-19,24634.0,212.0,10038.0,3103.0,SPb
2020-09-20,19225.0,214.0,10129.0,3103.0,SPb
2020-09-21,12301.0,209.0,10233.0,3103.0,SPb
2020-09-22,18137.0,211.0,10313.0,3103.0,SPb
2020-09-23,23060.0,208.0,10401.0,3227.0,SPb
2020-09-24,25701.0,215.0,10484.0,3227.0,SPb
2020-09-25,28252.0,224.0,10479.0,3227.0,SPb
2020-09-26,26201.0,232.0,10568.0,3227.0,SPb
2020-09-27,22048.0,227.0,10672.0,3227.0,SPb
2020-09-28,15646.0,237.0,10790.0,3468.0,SPb
2020-09-29,24390.0,251.0,10885.0,3468.0,SPb
2020-09-30,26652.0,276.0,10997.0,3540.0,SPb
2020-10-01,29205.0,285.0,11117.0,3540.0,SPb
2020-10-02,30687.0,302.0,11236.0,3540.0,SPb
2020-10-03,28781.0,358.0,11385.0,3796.0,SPb
2020-10-04,21004.0,392.0,11556.0,3796.0,SPb
2020-10-05,13686.0,407.0,11745.0,3796.0,SPb
2020-10-06,24161.0,411.0,11916.0,3796.0,SPb
2020-10-07,28993.0,456.0,12114.0,4072.0,SPb
2020-10-08,29488.0,461.0,12319.0,4072.0,SPb
2020-10-09,30236.0,469.0,12531.0,4072.0,SPb
2020-10-10,29670.0,501.0,12745.0,4072.0,SPb
2020-10-11,24153.0,528.0,12988.0,4072.0,SPb
2020-10-12,15216.0,538.0,13257.0,4072.0,SPb
2020-10-13,26931.0,557.0,13502.0,4072.0,SPb
2020-10-14,34287.0,602.0,13774.0,4072.0,SPb
2020-10-15,35207.0,638.0,14047.0,4072.0,SPb
2020-10-16,30944.0,647.0,14347.0,4072.0,SPb
2020-10-17,32736.0,659.0,14645.0,4874.0,SPb
2020-10-18,27633.0,674.0,14967.0,4874.0,SPb
2020-10-19,25742.0,686.0,15313.0,4874.0,SPb
2020-10-20,32259.0,695.0,15622.0,4874.0,SPb
2020-10-21,30195.0,684.0,15914.0,4874.0,SPb
2020-10-22,33986.0,697.0,16238.0,5291.0,SPb
2020-10-23,40898.0,710.0,16561.0,5291.0,SPb
2020-10-24,37748.0,713.0,16836.0,5291.0,SPb
2020-10-25,30074.0,709.0,17133.0,5291.0,SPb
2020-10-26,21663.0,715.0,17458.0,5291.0,SPb
2020-10-27,33424.0,721.0,17729.0,5291.0,SPb
2020-10-28,38326.0,727.0,17984.0,5291.0,SPb
2020-10-29,38424.0,758.0,18284.0,5291.0,SPb
2020-10-30,36176.0,801.0,18632.0,6088.0,SPb
2020-10-31,37870.0,854.0,19003.0,6088.0,SPb
2020-11-01,33949.0,896.0,19413.0,6088.0,SPb
2020-11-02,21507.0,923.0,19886.0,6088.0,SPb
2020-11-03,30663.0,944.0,20287.0,6438.0,SPb
2020-11-04,36323.0,1031.0,20725.0,6438.0,SPb
2020-11-05,34319.0,1093.0,21269.0,7850.0,SPb
2020-11-06,44536.0,1171.0,21823.0,7850.0,SPb
2020-11-07,40210.0,1258.0,22377.0,7850.0,SPb
2020-11-08,34233.0,1331.0,23072.0,7850.0,SPb
2020-11-09,25651.0,1403.0,23744.0,7850.0,SPb
2020-11-10,32887.0,1485.0,24416.0,7850.0,SPb
2020-11-11,34561.0,1574.0,25136.0,9008.0,SPb
2020-11-12,39930.0,1667.0,25896.0,9008.0,SPb
2020-11-13,40187.0,1756.0,26679.0,9008.0,SPb
2020-11-14,41645.0,1852.0,27524.0,9008.0,SPb
2020-11-15,36069.0,1944.0,28490.0,9008.0,SPb
2020-11-16,24718.0,2039.0,29459.0,9008.0,SPb
2020-11-17,36097.0,2130.0,30422.0,9008.0,SPb
2020-11-18,34144.0,2215.0,31398.0,9008.0,SPb
2020-11-19,39789.0,2312.0,32437.0,9008.0,SPb
2020-11-20,43237.0,2394.0,33539.0,9008.0,SPb
2020-11-21,43103.0,2476.0,34670.0,9008.0,SPb
2020-11-22,38023.0,2668.0,35946.0,9008.0,SPb
2020-11-23,26468.0,2926.0,37403.0,9968.0,SPb
2020-11-24,33683.0,3179.0,38874.0,9968.0,SPb
2020-11-25,32994.0,3421.0,40441.0,9968.0,SPb
2020-11-26,39785.0,3669.0,42169.0,9968.0,SPb
2020-11-27,38407.0,3687.0,43895.0,9968.0,SPb
2020-11-28,39849.0,3695.0,45529.0,9968.0,SPb
2020-11-29,37043.0,3701.0,47333.0,10024.0,SPb
2020-11-30,24218.0,3691.0,49174.0,10024.0,SPb
2020-12-01,31487.0,3697.0,50896.0,10024.0,SPb
2020-12-02,34076.0,3684.0,52625.0,10024.0,SPb
2020-12-03,41108.0,3692.0,53308.0,10024.0,SPb
2020-12-04,39802.0,3694.0,54508.0,10024.0,SPb
2020-12-05,42810.0,3726.0,55059.0,10024.0,SPb
2020-12-06,36736.0,3753.0,56862.0,10024.0,SPb
2020-12-07,26499.0,3741.0,59875.0,10024.0,SPb
2020-12-08,34775.0,3734.0,61712.0,10024.0,SPb
2020-12-09,35752.0,3761.0,63469.0,10024.0,SPb
2020-12-10,44588.0,3774.0,65246.0,10024.0,SPb
2020-12-11,44511.0,3779.0,66576.0,10024.0,SPb
2020-12-12,39681.0,3776.0,67904.0,10317.0,SPb
2020-12-13,40525.0,3768.0,69454.0,10317.0,SPb
2020-12-14,26950.0,3771.0,71258.0,10317.0,SPb
2020-12-15,31533.0,3765.0,73065.0,10720.0,SPb
2020-12-16,35593.0,3758.0,73586.0,10720.0,SPb
2020-12-17,41035.0,3763.0,74204.0,10720.0,SPb
2020-12-18,40636.0,3757.0,74827.0,10720.0,SPb
2020-12-19,45108.0,3754.0,75481.0,10720.0,SPb
2020-12-20,39838.0,3759.0,76841.0,9759.0,SPb
2020-12-21,28925.0,3752.0,78646.0,9759.0,SPb
2020-12-22,31435.0,3760.0,80425.0,9759.0,SPb
2020-12-23,35258.0,3749.0,81482.0,9759.0,SPb
2020-12-24,35289.0,3756.0,82513.0,9759.0,SPb
2020-12-25,43110.0,3751.0,83154.0,9759.0,SPb
2020-12-26,42458.0,3755.0,82921.0,9759.0,SPb
2020-12-27,37890.0,3761.0,83480.0,9759.0,SPb
2020-12-28,22338.0,3748.0,84905.0,9759.0,SPb
2020-12-29,33149.0,3757.0,86474.0,9759.0,SPb
2020-12-30,34763.0,3764.0,85882.0,9759.0,SPb
2020-12-31,39161.0,3758.0,85983.0,9759.0,SPb
2021-01-01,32611.0,3746.0,86596.0,9759.0,SPb
2021-01-02,16777.0,3742.0,89317.0,9759.0,SPb
2021-01-03,13183.0,3738.0,92069.0,9759.0,SPb
2021-01-04,10902.0,3657.0,94021.0,9759.0,SPb
2021-01-05,16253.0,3649.0,95868.0,9759.0,SPb
2021-01-06,20837.0,3341.0,97363.0,9759.0,SPb
2021-01-07,21800.0,3005.0,98463.0,9759.0,SPb
2021-01-08,18651.0,3017.0,99669.0,9759.0,SPb
2021-01-09,20297.0,3006.0,100965.0,9759.0,SPb
2021-01-10,25602.0,3010.0,101241.0,9759.0,SPb
2021-01-11,25340.0,3004.0,102330.0,9759.0,SPb
2021-01-12,29983.0,2731.0,103735.0,9759.0,SPb
2021-01-13,37389.0,3003.0,103235.0,9759.0,SPb
2021-01-14,38105.0,3041.0,102642.0,9525.0,SPb
2021-01-15,36812.0,3094.0,101749.0,9328.0,SPb
2021-01-16,36812.0,3253.0,101310.0,9255.0,SPb
2021-01-17,28134.0,3316.0,101495.0,9464.0,SPb
2021-01-18,16389.0,3287.0,103559.0,9401.0,SPb
2021-01-19,21478.0,3281.0,104512.0,9142.0,SPb
2021-01-20,26700.0,3347.0,104932.0,8911.0,SPb
2021-01-21,31108.0,3112.0,103771.0,8911.0,SPb
2021-01-22,30753.0,3104.0,102120.0,8450.0,SPb
2021-01-23,30798.0,3056.0,100898.0,8401.0,SPb
2021-01-24,25364.0,2929.0,101506.0,8489.0,SPb
2021-01-25,14958.0,2116.0,102664.0,8479.0,SPb
2021-01-26,19072.0,1510.0,101694.0,8258.0,SPb
2021-01-27,24302.0,1813.0,97642.0,7962.0,SPb
2021-01-28,30741.0,2128.0,95577.0,7873.0,SPb
2021-01-29,29385.0,2284.0,94182.0,7594.0,SPb
2021-01-30,28675.0,2512.0,93221.0,7509.0,SPb
2021-01-31,23093.0,2160.0,93897.0,7649.0,SPb
2021-02-01,12771.0,1842.0,94413.0,7583.0,SPb
2021-02-02,13835.0,1484.0,93908.0,7392.0,SPb
2021-02-03,21275.0,1916.0,92142.0,7392.0,SPb
2021-02-04,26922.0,1571.0,90507.0,7392.0,SPb
2021-02-05,25942.0,1463.0,88920.0,6901.0,SPb
2021-02-06,25203.0,1248.0,87651.0,6901.0,SPb
2021-02-07,22838.0,1175.0,86448.0,6879.0,SPb
2021-02-08,12003.0,1551.0,86868.0,6879.0,SPb
2021-02-09,14557.0,1078.0,84146.0,6879.0,SPb
2021-02-10,20875.0,1169.0,81672.0,6372.0,SPb
2021-02-11,25124.0,1127.0,79405.0,6267.0,SPb
2021-02-12,24842.0,1134.0,77035.0,5998.0,SPb
2021-02-13,24842.0,1130.0,75435.0,5808.0,SPb
2021-02-14,19450.0,1099.0,74934.0,5885.0,SPb
2021-02-15,12241.0,1093.0,74481.0,5807.0,SPb
2021-02-16,12649.0,1082.0,72584.0,5641.0,SPb
2021-02-17,18918.0,1103.0,70768.0,5378.0,SPb
2021-02-18,23902.0,1094.0,68586.0,5316.0,SPb
2021-02-19,22885.0,1087.0,65950.0,5207.0,SPb
2021-02-20,22642.0,1092.0,64294.0,5117.0,SPb
2021-02-21,22941.0,996.0,62891.0,5117.0,SPb
2021-02-22,14457.0,957.0,62783.0,5214.0,SPb
2021-02-23,11579.0,913.0,61932.0,5331.0,SPb
2021-02-24,7408.0,909.0,61314.0,5351.0,SPb
2021-02-25,11623.0,911.0,59876.0,5356.0,SPb
2021-02-26,18953.0,947.0,59116.0,5273.0,SPb
2021-02-27,26358.0,951.0,57490.0,5314.0,SPb
2021-02-28,20337.0,939.0,57163.0,5434.0,SPb
2021-03-01,14790.0,943.0,56751.0,5425.0,SPb
2021-03-02,14328.0,937.0,54980.0,5384.0,SPb
2021-03-03,22130.0,962.0,53268.0,5277.0,SPb
2021-03-04,23641.0,986.0,51597.0,5219.0,SPb
2021-03-05,23520.0,983.0,49963.0,5135.0,SPb
2021-03-06,23052.0,975.0,48149.0,5034.0,SPb
2021-03-07,19005.0,968.0,47678.0,5079.0,SPb
2021-03-08,12608.0,956.0,47180.0,5145.0,SPb
2021-03-09,5915.0,941.0,46707.0,5177.0,SPb
2021-03-10,10740.0,959.0,44865.0,5080.0,SPb
2021-03-11,19164.0,961.0,42981.0,4911.0,SPb
2021-03-12,22946.0,957.0,41031.0,4717.0,SPb
2021-03-13,25425.0,943.0,39602.0,4821.0,SPb
2021-03-14,20691.0,937.0,39661.0,4881.0,SPb
2021-03-15,11891.0,933.0,39865.0,4861.0,SPb
2021-03-16,12520.0,916.0,39565.0,4718.0,SPb
2021-03-17,18778.0,927.0,39465.0,4642.0,SPb
2021-03-18,26317.0,918.0,38309.0,4559.0,SPb
2021-03-19,24315.0,921.0,37165.0,4494.0,SPb
2021-03-20,24330.0,899.0,36955.0,4448.0,SPb
2021-03-21,20722.0,881.0,37508.0,4544.0,SPb
2021-03-22,11245.0,865.0,38093.0,4569.0,SPb
2021-03-23,12150.0,812.0,37500.0,4507.0,SPb
2021-03-24,18731.0,807.0,37567.0,4430.0,SPb
2021-03-25,22521.0,804.0,37061.0,4359.0,SPb
2021-03-26,21025.0,782.0,36192.0,4289.0,SPb
2021-03-27,20236.0,749.0,35717.0,4299.0,SPb
2021-03-28,18533.0,701.0,35605.0,4397.0,SPb
2021-03-29,12853.0,697.0,35559.0,4469.0,SPb
2021-03-30,12351.0,719.0,35181.0,4472.0,SPb
2021-03-31,0.0,715.0,34881.0,4438.0,SPb
2021-04-01,23601.0,710.0,34459.0,4338.0,SPb
2021-04-02,22405.0,708.0,34101.0,4360.0,SPb
2021-04-03,22979.0,717.0,33763.0,4375.0,SPb
2021-04-04,19542.0,711.0,33491.0,4432.0,SPb
2021-04-05,12591.0,707.0,33355.0,4432.0,SPb
2021-04-06,12361.0,702.0,32684.0,4432.0,SPb
2021-04-07,17869.0,705.0,32414.0,4429.0,SPb
2021-04-08,23095.0,695.0,32138.0,4389.0,SPb
2021-04-09,21648.0,703.0,31882.0,4326.0,SPb
2021-04-10,21088.0,699.0,31597.0,4289.0,SPb
2021-04-11,18056.0,694.0,32204.0,4355.0,SPb
2021-04-12,11153.0,706.0,32624.0,4374.0,SPb
2021-04-13,12542.0,701.0,32101.0,4262.0,SPb
2021-04-14,18671.0,712.0,31808.0,4217.0,SPb
2021-04-15,23012.0,719.0,31044.0,4161.0,SPb
2021-04-16,20538.0,704.0,31299.0,4117.0,SPb
2021-04-17,22627.0,701.0,31222.0,4066.0,SPb
2021-04-18,18082.0,695.0,31725.0,4164.0,SPb
2021-04-19,11162.0,692.0,32059.0,4164.0,SPb
2021-04-20,12732.0,687.0,31098.0,4154.0,SPb
2021-04-21,16660.0,693.0,30586.0,4054.0,SPb
2021-04-22,23651.0,682.0,30327.0,4052.0,SPb
2021-04-23,20410.0,694.0,29983.0,4019.0,SPb
2021-04-24,21186.0,689.0,29621.0,4057.0,SPb
2021-04-25,17035.0,701.0,29321.0,4137.0,SPb
2021-04-26,13892.0,706.0,29156.0,4197.0,SPb
2021-04-27,11956.0,712.0,28858.0,4169.0,SPb
2021-04-28,18894.0,723.0,28460.0,4211.0,SPb
2021-04-29,22902.0,716.0,28109.0,4097.0,SPb
2021-04-30,23489.0,725.0,27790.0,4050.0,SPb
2021-05-01,24167.0,737.0,27515.0,3947.0,SPb
2021-05-02,18746.0,718.0,27215.0,4063.0,SPb
2021-05-03,8648.0,704.0,27130.0,4209.0,SPb
2021-05-04,11203.0,709.0,27004.0,4244.0,SPb
2021-05-05,9199.0,711.0,26809.0,4191.0,SPb
2021-05-06,15894.0,715.0,26608.0,4202.0,SPb
2021-05-07,17470.0,722.0,26428.0,4177.0,SPb
2021-05-08,19646.0,726.0,26259.0,4154.0,SPb
2021-05-09,16210.0,729.0,26130.0,4229.0,SPb
2021-05-10,12678.0,724.0,26092.0,4360.0,SPb
2021-05-11,10772.0,717.0,25965.0,4462.0,SPb
2021-05-12,15986.0,734.0,25727.0,4430.0,SPb
2021-05-13,22201.0,741.0,25395.0,4430.0,SPb
2021-05-14,30133.0,739.0,24935.0,4464.0,SPb
2021-05-15,27582.0,749.0,23974.0,4519.0,SPb
2021-05-16,23964.0,767.0,23636.0,4663.0,SPb
2021-05-17,15010.0,763.0,23694.0,4738.0,SPb
2021-05-18,12955.0,772.0,23391.0,4822.0,SPb
2021-05-19,18333.0,784.0,22711.0,4813.0,SPb
2021-05-20,25647.0,791.0,21961.0,4816.0,SPb
2021-05-21,24114.0,815.0,21467.0,4776.0,SPb
2021-05-22,23272.0,833.0,20938.0,4866.0,SPb
2021-05-23,23488.0,842.0,21326.0,4986.0,SPb
2021-05-24,14176.0,851.0,22023.0,5050.0,SPb
2021-05-25,13842.0,844.0,21555.0,5097.0,SPb
2021-05-26,20157.0,839.0,21194.0,5103.0,SPb
2021-05-27,26832.0,836.0,20608.0,5146.0,SPb
2021-05-28,25190.0,840.0,20243.0,5131.0,SPb
2021-05-29,26263.0,846.0,19800.0,5113.0,SPb
2021-05-30,23735.0,829.0,20092.0,5113.0,SPb
2021-05-31,15928.0,822.0,20061.0,5432.0,SPb
2021-06-01,17334.0,817.0,19591.0,5432.0,SPb
2021-06-02,21582.0,828.0,19383.0,5432.0,SPb
2021-06-03,28719.0,841.0,18946.0,5432.0,SPb
2021-06-04,27300.0,834.0,18691.0,5432.0,SPb
2021-06-05,27158.0,857.0,18404.0,5432.0,SPb
2021-06-06,25671.0,861.0,18325.0,5432.0,SPb
2021-06-07,17188.0,854.0,18250.0,5432.0,SPb
2021-06-08,19117.0,846.0,17802.0,5432.0,SPb
2021-06-09,24254.0,852.0,16975.0,5432.0,SPb
2021-06-10,31168.0,859.0,16405.0,5432.0,SPb
2021-06-11,31673.0,863.0,16139.0,5432.0,SPb
2021-06-12,35378.0,867.0,15754.0,5432.0,SPb
2021-06-13,27797.0,862.0,15476.0,5432.0,SPb
2021-06-14,21610.0,865.0,15334.0,5432.0,SPb
2021-06-15,16502.0,902.0,15270.0,5432.0,SPb
2021-06-16,23262.0,927.0,14697.0,5432.0,SPb
2021-06-17,31264.0,946.0,13825.0,5432.0,SPb
2021-06-18,39635.0,970.0,13261.0,5432.0,SPb
2021-06-19,43336.0,996.0,12812.0,5432.0,SPb
2021-06-20,39787.0,1019.0,13319.0,5432.0,SPb
2021-06-21,24313.0,1046.0,13860.0,5432.0,SPb
2021-06-22,29822.0,1065.0,12971.0,5432.0,SPb
2021-06-23,35694.0,1092.0,12120.0,5432.0,SPb
2021-06-24,40874.0,1143.0,11195.0,5432.0,SPb
2021-06-25,39705.0,1194.0,10394.0,5432.0,SPb
2021-06-26,43818.0,1247.0,9201.0,5432.0,SPb
2021-06-27,41087.0,1298.0,9042.0,5432.0,SPb
2021-06-28,28590.0,1335.0,8963.0,5432.0,SPb
2021-06-29,32953.0,1374.0,7935.0,5432.0,SPb
2021-06-30,34541.0,1503.0,7347.0,5432.0,SPb
2021-07-01,41946.0,1612.0,6877.0,5432.0,SPb
2021-07-02,45788.0,1671.0,5662.0,5432.0,SPb
2021-07-03,50396.0,1733.0,4695.0,5432.0,SPb
2021-07-04,41118.0,1784.0,5224.0,5432.0,SPb
2021-07-05,26784.0,1828.0,6209.0,5432.0,SPb
2021-07-06,29463.0,1869.0,5432.0,5432.0,SPb
2021-07-07,33657.0,1906.0,4286.0,5432.0,SPb
2021-07-08,37625.0,1937.0,2735.0,5432.0,SPb
2021-07-09,43426.0,1951.0,711.0,5432.0,SPb
2021-07-10,40496.0,1978.0,2535.0,5432.0,SPb
2021-07-11,41840.0,2007.0,3464.0,5432.0,SPb
2021-07-12,18934.0,2029.0,4610.0,5432.0,SPb
2021-07-13,24967.0,1936.0,4624.0,5432.0,SPb
2021-07-14,34446.0,1942.0,4568.0,5432.0,SPb
2021-07-15,38079.0,1954.0,4488.0,5432.0,SPb
2021-07-16,39773.0,1948.0,4403.0,5432.0,SPb
2021-07-17,38618.0,1957.0,4328.0,5432.0,SPb
2021-07-18,29250.0,1941.0,5709.0,5432.0,SPb
2021-07-19,21439.0,1938.0,6247.0,5432.0,SPb
2021-07-20,23200.0,1934.0,6189.0,8207.0,SPb
2021-07-21,28379.0,1939.0,6097.0,8207.0,SPb
2021-07-22,35982.0,1943.0,6014.0,8207.0,SPb
2021-07-23,30923.0,1940.0,5949.0,8207.0,SPb
2021-07-24,37576.0,1937.0,5882.0,8207.0,SPb
2021-07-25,31330.0,1934.0,5810.0,8207.0,SPb
2021-07-26,22153.0,1929.0,6371.0,8207.0,SPb
2021-07-27,19698.0,1923.0,6314.0,8207.0,SPb
2021-07-28,26268.0,1918.0,6192.0,8207.0,SPb
2021-07-29,31243.0,1925.0,6066.0,8207.0,SPb
2021-07-30,32350.0,1916.0,5950.0,8207.0,SPb
2021-07-31,29099.0,1915.0,5860.0,8207.0,SPb
2021-08-01,32262.0,1911.0,6004.0,8207.0,SPb
2021-08-02,20299.0,1914.0,7023.0,8207.0,SPb
2021-08-03,20285.0,1910.0,6955.0,6212.0,SPb
2021-08-04,24939.0,1906.0,6836.0,6060.0,SPb
2021-08-05,30403.0,1911.0,6704.0,5903.0,SPb
2021-08-06,29733.0,1909.0,6526.0,5779.0,SPb
2021-08-07,29273.0,1904.0,6351.0,5613.0,SPb
2021-08-08,25324.0,1907.0,7238.0,5567.0,SPb
2021-08-09,20576.0,1895.0,8289.0,5579.0,SPb
2021-08-10,17737.0,1811.0,8079.0,5481.0,SPb
2021-08-11,21706.0,1804.0,7809.0,5303.0,SPb
2021-08-12,30910.0,1801.0,7273.0,5142.0,SPb
2021-08-13,27160.0,1810.0,7040.0,5002.0,SPb
2021-08-14,25135.0,1823.0,6916.0,4841.0,SPb
2021-08-15,26302.0,1668.0,6980.0,4860.0,SPb
2021-08-16,18502.0,1383.0,6525.0,4957.0,SPb
2021-08-17,17249.0,1156.0,6313.0,4833.0,SPb
2021-08-18,21433.0,1636.0,6123.0,4614.0,SPb
2021-08-19,27890.0,1563.0,2299.0,4535.0,SPb
2021-08-20,26711.0,1691.0,2105.0,4344.0,SPb
2021-08-21,26344.0,1665.0,1909.0,4068.0,SPb
2021-08-22,23001.0,1481.0,2911.0,4158.0,SPb
2021-08-23,16430.0,691.0,2688.0,4281.0,SPb
2021-08-24,16945.0,600.0,2448.0,4102.0,SPb
2021-08-25,20528.0,1385.0,2911.0,4060.0,SPb
2021-08-26,27073.0,1301.0,3251.0,3935.0,SPb
2021-08-27,25778.0,1395.0,3317.0,3820.0,SPb
2021-08-28,25671.0,1406.0,3309.0,3705.0,SPb
2021-08-29,25000.0,1318.0,3932.0,3786.0,SPb
2021-08-30,16346.0,549.0,3884.0,3912.0,SPb
2021-08-31,17877.0,513.0,3000.0,3815.0,SPb
2021-09-01,22085.0,1312.0,3239.0,3749.0,SPb
2021-09-02,29215.0,1330.0,3236.0,3674.0,SPb
2021-09-03,27102.0,1437.0,3232.0,3559.0,SPb
2021-09-04,26803.0,1494.0,3463.0,3522.0,SPb
2021-09-05,24455.0,1357.0,4353.0,3579.0,SPb
2021-09-06,14077.0,690.0,4413.0,3668.0,SPb
2021-09-07,16966.0,626.0,4143.0,3649.0,SPb
2021-09-08,20917.0,1430.0,4573.0,3635.0,SPb
2021-09-09,27136.0,1380.0,4788.0,3655.0,SPb
2021-09-10,31148.0,1504.0,5117.0,3697.0,SPb
2021-09-11,29285.0,1629.0,5452.0,3613.0,SPb
2021-09-12,27939.0,1597.0,6715.0,3635.0,SPb
2021-09-13,17600.0,805.0,7219.0,3707.0,SPb
2021-09-14,18008.0,839.0,7319.0,3699.0,SPb
2021-09-15,22006.0,1609.0,7988.0,3832.0,SPb
2021-09-16,32152.0,1653.0,8585.0,4033.0,SPb
2021-09-17,30753.0,1738.0,9223.0,4110.0,SPb
2021-09-18,27869.0,1791.0,9850.0,4183.0,SPb
2021-09-19,25656.0,1834.0,11143.0,4215.0,SPb
2021-09-20,21170.0,1137.0,12064.0,4372.0,SPb
2021-09-21,19308.0,1060.0,12314.0,4361.0,SPb
2021-09-22,25176.0,1521.0,12971.0,4472.0,SPb
2021-09-23,34279.0,1698.0,13662.0,4473.0,SPb
2021-09-24,31107.0,1874.0,14153.0,4522.0,SPb
2021-09-25,28005.0,1907.0,14502.0,4602.0,SPb
2021-09-26,27989.0,2055.0,16131.0,4764.0,SPb
2021-09-27,17623.0,1527.0,17077.0,4966.0,SPb
2021-09-28,18241.0,1530.0,16699.0,4970.0,SPb
2021-09-29,25034.0,1933.0,16682.0,5040.0,SPb
2021-09-30,34712.0,2077.0,16777.0,5108.0,SPb
2021-10-01,30967.0,2281.0,17056.0,5274.0,SPb
2021-10-02,31033.0,2494.0,18317.0,5281.0,SPb
2021-10-03,27352.0,2463.0,20277.0,5467.0,SPb
2021-10-04,18992.0,2198.0,22038.0,5648.0,SPb
2021-10-05,19319.0,1894.0,22307.0,5747.0,SPb
2021-10-06,26375.0,2187.0,22764.0,5889.0,SPb
2021-10-07,35208.0,2418.0,23374.0,5896.0,SPb
2021-10-08,30795.0,2501.0,23792.0,6083.0,SPb
2021-10-09,31781.0,2717.0,24570.0,6107.0,SPb
2021-10-10,26951.0,2822.0,26882.0,6284.0,SPb
2021-10-11,23927.0,2931.0,29379.0,6533.0,SPb
2021-10-12,20746.0,2158.0,29016.0,6631.0,SPb
2021-10-13,20393.0,2470.0,29437.0,6694.0,SPb
2021-10-14,37231.0,2345.0,29711.0,6863.0,SPb
2021-10-15,34422.0,2632.0,29922.0,6975.0,SPb
2021-10-16,35093.0,3088.0,30698.0,6979.0,SPb
2021-10-17,33968.0,3323.0,33032.0,7175.0,SPb
2021-10-18,21241.0,3097.0,35722.0,7413.0,SPb
2021-10-19,22245.0,3220.0,35778.0,7448.0,SPb
2021-10-20,28340.0,3274.0,35907.0,7523.0,SPb
2021-10-21,40415.0,3280.0,36132.0,7639.0,SPb
2021-10-22,37511.0,3233.0,36175.0,7699.0,SPb
2021-10-23,38216.0,3360.0,36581.0,7683.0,SPb
2021-10-24,35994.0,3297.0,38574.0,7656.0,SPb
2021-10-25,23321.0,2693.0,40100.0,7767.0,SPb
2021-10-26,24233.0,2735.0,39834.0,7974.0,SPb
2021-10-27,28716.0,2913.0,39452.0,7969.0,SPb
2021-10-28,41225.0,3186.0,39414.0,7870.0,SPb
2021-10-29,39344.0,3452.0,39373.0,7845.0,SPb
2021-10-30,36461.0,3578.0,40271.0,7808.0,SPb
2021-10-31,31329.0,3597.0,41902.0,7782.0,SPb
2021-11-01,26535.0,3250.0,43972.0,7989.0,SPb
2021-11-02,24883.0,3066.0,43821.0,7969.0,SPb
2021-11-03,31156.0,3269.0,43678.0,7973.0,SPb
2021-11-04,38263.0,3271.0,43520.0,7852.0,SPb
2021-11-05,33347.0,3363.0,45154.0,7959.0,SPb
2021-11-06,22156.0,3138.0,44906.0,7806.0,SPb
2021-11-07,24365.0,2551.0,46017.0,7797.0,SPb
2021-11-08,17517.0,2597.0,47391.0,7909.0,SPb
2021-11-09,23546.0,2680.0,46829.0,7875.0,SPb
2021-11-10,32895.0,2942.0,46864.0,7817.0,SPb
2021-11-11,45315.0,3230.0,46891.0,7818.0,SPb
2021-11-12,38720.0,3421.0,46441.0,7707.0,SPb
2021-11-13,35245.0,3273.0,45762.0,7562.0,SPb
2021-11-14,32775.0,3144.0,47251.0,7573.0,SPb
2021-11-15,19627.0,2968.0,48998.0,7498.0,SPb
2021-11-16,15960.0,3131.0,48632.0,7407.0,SPb
2021-11-17,28458.0,2793.0,48768.0,7217.0,SPb
2021-11-18,32830.0,2645.0,47485.0,7027.0,SPb
2021-11-19,31780.0,2714.0,45697.0,6917.0,SPb
2021-11-20,31627.0,2637.0,44082.0,6658.0,SPb
2021-11-21,29256.0,2496.0,44890.0,6739.0,SPb
2021-11-22,16477.0,2215.0,45955.0,6765.0,SPb
2021-11-23,19261.0,1060.0,42102.0,6706.0,SPb
2021-11-24,26580.0,1387.0,40269.0,6520.0,SPb
2021-11-25,35762.0,1538.0,36830.0,6217.0,SPb
2021-11-26,32493.0,1704.0,35015.0,5984.0,SPb
2021-11-27,32447.0,1879.0,33508.0,5964.0,SPb
2021-11-28,29325.0,2072.0,34430.0,6054.0,SPb
2021-11-29,19198.0,2181.0,35619.0,6130.0,SPb
2021-11-30,19868.0,2103.0,35099.0,6009.0,SPb
2021-12-01,28226.0,2419.0,34690.0,5916.0,SPb
2021-12-02,37381.0,2623.0,34150.0,5878.0,SPb
2021-12-03,35102.0,2609.0,32676.0,5867.0,SPb
2021-12-04,35072.0,2528.0,32387.0,5739.0,SPb
2021-12-05,32940.0,2420.0,33785.0,5846.0,SPb
2021-12-06,18641.0,2412.0,35348.0,5869.0,SPb
2021-12-07,21403.0,2381.0,33842.0,5956.0,SPb
2021-12-08,30187.0,2209.0,32475.0,5888.0,SPb
2021-12-09,37365.0,2111.0,31571.0,5808.0,SPb
2021-12-10,36427.0,2267.0,30917.0,5793.0,SPb
2021-12-11,33850.0,2045.0,30142.0,5645.0,SPb
2021-12-12,31044.0,2012.0,30808.0,5603.0,SPb
2021-12-13,18051.0,1968.0,32029.0,5871.0,SPb
2021-12-14,12128.0,1989.0,30858.0,5878.0,SPb
2021-12-15,30382.0,2055.0,30428.0,5864.0,SPb
2021-12-16,36922.0,1992.0,29935.0,5775.0,SPb
2021-12-17,34859.0,1984.0,29643.0,5779.0,SPb
2021-12-18,32799.0,1997.0,29221.0,5785.0,SPb
2021-12-19,26647.0,1955.0,30189.0,5935.0,SPb
2021-12-20,17808.0,1958.0,31239.0,6045.0,SPb
2021-12-21,18117.0,2075.0,30946.0,6084.0,SPb
2021-12-22,26481.0,2166.0,30394.0,6054.0,SPb
2021-12-23,33832.0,2198.0,29904.0,6106.0,SPb
2021-12-24,29447.0,2117.0,29262.0,5970.0,SPb
2021-12-25,28161.0,2072.0,28391.0,5959.0,SPb
2021-12-26,27513.0,1851.0,29293.0,5974.0,SPb
2021-12-27,17287.0,1834.0,30166.0,5986.0,SPb
2021-12-28,16720.0,1802.0,28725.0,5971.0,SPb
2021-12-29,22978.0,1526.0,27463.0,5673.0,SPb
2021-12-30,30391.0,1532.0,25699.0,5509.0,SPb
2021-12-31,29047.0,1529.0,24709.0,5269.0,SPb
2022-01-01,22940.0,1534.0,25409.0,5252.0,SPb
2022-01-02,11512.0,1468.0,26292.0,5273.0,SPb
2022-01-03,10858.0,1341.0,26860.0,5391.0,SPb
2022-01-04,10181.0,1297.0,26871.0,5334.0,SPb
2022-01-05,15651.0,1273.0,26669.0,5387.0,SPb
2022-01-06,18253.0,1286.0,26644.0,5435.0,SPb
2022-01-07,17759.0,1291.0,26796.0,5398.0,SPb
2022-01-08,15373.0,1376.0,27229.0,5543.0,SPb
2022-01-09,17018.0,1323.0,27264.0,5726.0,SPb
2022-01-10,15541.0,1419.0,27849.0,5734.0,SPb
2022-01-11,24551.0,1512.0,26719.0,5791.0,SPb
2022-01-12,29503.0,1659.0,25855.0,5798.0,SPb
2022-01-13,34276.0,1839.0,25022.0,5612.0,SPb
2022-01-14,31660.0,2708.0,24795.0,5543.0,SPb
2022-01-15,30340.0,3314.0,25194.0,5444.0,SPb
2022-01-16,28028.0,3958.0,27947.0,5530.0,SPb
2022-01-17,18486.0,4132.0,31389.0,5628.0,SPb
2022-01-18,20165.0,4078.0,32962.0,5672.0,SPb
2022-01-19,30090.0,4382.0,35833.0,5632.0,SPb
2022-01-20,40564.0,4753.0,37880.0,5533.0,SPb
2022-01-21,45096.0,5922.0,40788.0,5643.0,SPb
2022-01-22,46201.0,8451.0,46602.0,5786.0,SPb
2022-01-23,50101.0,9535.0,54876.0,6013.0,SPb
2022-01-24,36912.0,8413.0,62581.0,6255.0,SPb
2022-01-25,36035.0,9722.0,69430.0,6346.0,SPb
2022-01-26,53559.0,10581.0,76838.0,6515.0,SPb
2022-01-27,73043.0,11808.0,85354.0,6591.0,SPb
2022-01-28,78825.0,13976.0,95992.0,6714.0,SPb
2022-01-29,87176.0,14939.0,107988.0,6816.0,SPb
2022-01-30,78971.0,17833.0,124419.0,7109.0,SPb
2022-01-31,61482.0,15802.0,138547.0,7449.0,SPb
2022-02-01,54886.0,13619.0,147795.0,7496.0,SPb
2022-02-02,75732.0,19234.0,162651.0,7673.0,SPb
2022-02-03,92542.0,21234.0,177534.0,7927.0,SPb
2022-02-04,90166.0,21832.0,192442.0,7882.0,SPb
2022-02-05,93967.0,21780.0,207767.0,7890.0,SPb
2022-02-06,98086.0,21448.0,223285.0,8234.0,SPb
2022-02-07,63397.0,13372.0,233234.0,8613.0,SPb
2022-02-08,60001.0,11014.0,235091.0,8753.0,SPb
2022-02-09,72865.0,19644.0,243433.0,8523.0,SPb
2022-02-10,82309.0,21644.0,249804.0,8600.0,SPb
2022-02-11,76074.0,22070.0,251449.0,8646.0,SPb
2022-02-12,71579.0,21689.0,257107.0,8516.0,SPb
2022-02-13,60556.0,20136.0,266909.0,8657.0,SPb
2022-02-14,40227.0,11384.0,270854.0,8938.0,SPb
2022-02-15,32629.0,7091.0,255677.0,8864.0,SPb
2022-02-16,42891.0,17151.0,247793.0,8617.0,SPb
2022-02-17,46863.0,16595.0,237043.0,8286.0,SPb
2022-02-18,42305.0,16398.0,224487.0,8256.0,SPb
2022-02-19,35226.0,18042.0,218008.0,7989.0,SPb
2022-02-20,34377.0,16599.0,225382.0,7956.0,SPb
2022-02-21,21086.0,9043.0,227417.0,8017.0,SPb
2022-02-22,18237.0,6575.0,212033.0,7816.0,SPb
2022-02-23,27595.0,9794.0,196110.0,7507.0,SPb
2022-02-24,27105.0,8742.0,198182.0,7450.0,SPb
2022-02-25,21577.0,7572.0,185319.0,7099.0,SPb
2022-02-26,22478.0,7409.0,169250.0,6594.0,SPb
2022-02-27,23290.0,6442.0,168267.0,6443.0,SPb
2022-02-28,14621.0,5409.0,168396.0,6446.0,SPb
2022-03-01,15192.0,3421.0,152295.0,6108.0,SPb
2022-03-02,21686.0,4514.0,136419.0,5732.0,SPb
2022-03-03,23363.0,3562.0,122625.0,5304.0,SPb
2022-03-04,18148.0,3422.0,116293.0,4800.0,SPb
2022-03-05,16180.0,3481.0,109791.0,4562.0,SPb
2022-03-06,16483.0,3155.0,101710.0,4218.0,SPb
2022-03-07,11831.0,3096.0,94926.0,4036.0,SPb
2022-03-08,8449.0,2748.0,95289.0,4040.0,SPb
2022-03-09,5663.0,2642.0,95463.0,4042.0,SPb
2022-03-10,10013.0,2402.0,87091.0,3887.0,SPb
2022-03-11,11952.0,2595.0,76289.0,3520.0,SPb
2022-03-12,15223.0,2381.0,70968.0,3148.0,SPb
2022-03-13,11812.0,1923.0,71673.0,2990.0,SPb
2022-03-14,6902.0,1547.0,72020.0,3029.0,SPb
2022-03-15,9276.0,1264.0,67223.0,2869.0,SPb
2022-03-16,12317.0,1569.0,62479.0,2574.0,SPb
2022-03-17,14725.0,1560.0,58234.0,2463.0,SPb
2022-03-18,12080.0,1486.0,55208.0,2434.0,SPb
2022-03-19,10806.0,1472.0,52717.0,2341.0,SPb
2022-03-20,8850.0,1398.0,53068.0,2337.0,SPb
2022-03-21,5524.0,1352.0,53887.0,2404.0,SPb
2022-03-22,8377.0,1309.0,50605.0,2301.0,SPb
2022-03-23,10403.0,1431.0,47696.0,2233.0,SPb
2022-03-24,11543.0,1279.0,45191.0,2159.0,SPb
2022-03-25,10876.0,1237.0,43083.0,2105.0,SPb
2022-03-26,10602.0,1145.0,41931.0,2028.0,SPb
2022-03-27,8471.0,1105.0,42487.0,2012.0,SPb
2022-03-28,4897.0,998.0,43204.0,2047.0,SPb
2022-03-29,7071.0,980.0,42208.0,1968.0,SPb
2022-03-30,9618.0,1084.0,39531.0,1875.0,SPb
2022-03-31,11125.0,931.0,35632.0,1784.0,SPb
2022-04-01,10612.0,958.0,31367.0,1758.0,SPb
2022-04-02,8901.0,917.0,27536.0,1642.0,SPb
2022-04-03,7059.0,764.0,23485.0,1617.0,SPb
2022-04-04,4823.0,759.0,19408.0,1637.0,SPb
2022-04-05,7639.0,700.0,15527.0,1691.0,SPb
2022-04-06,9980.0,734.0,13649.0,1630.0,SPb
2022-04-07,11001.0,715.0,12410.0,1594.0,SPb
2022-04-08,9442.0,743.0,11271.0,1600.0,SPb
2022-04-09,9206.0,689.0,10415.0,1553.0,SPb
2022-04-10,8259.0,617.0,10202.0,1587.0,SPb
2022-04-11,5498.0,609.0,10125.0,1653.0,SPb
2022-04-12,7114.0,508.0,9209.0,1617.0,SPb
2022-04-13,9461.0,587.0,7220.0,1543.0,SPb
2022-04-14,10735.0,604.0,6462.0,1477.0,SPb
2022-04-15,9649.0,619.0,6365.0,1491.0,SPb
2022-04-16,9425.0,671.0,6194.0,1475.0,SPb
2022-04-17,8301.0,644.0,6187.0,1487.0,SPb
2022-04-18,5274.0,628.0,6307.0,1550.0,SPb
2022-04-19,6502.0,624.0,6292.0,1462.0,SPb
2022-04-20,9399.0,611.0,6276.0,1491.0,SPb
2022-04-21,11861.0,579.0,6224.0,1501.0,SPb
2022-04-22,9670.0,608.0,6173.0,1501.0,SPb
2022-04-23,9518.0,603.0,5875.0,1487.0,SPb
2022-04-24,8149.0,587.0,5850.0,1487.0,SPb
2022-04-25,4623.0,543.0,5946.0,1494.0,SPb
2022-04-26,7278.0,467.0,5574.0,1485.0,SPb
2022-04-27,9757.0,510.0,5444.0,1393.0,SPb
2022-04-28,10976.0,487.0,5200.0,1376.0,SPb
2022-04-29,10046.0,477.0,5092.0,1361.0,SPb
2022-04-30,8821.0,492.0,5076.0,1323.0,SPb
2022-05-01,8363.0,421.0,5128.0,1351.0,SPb
2022-05-02,4497.0,393.0,5113.0,1343.0,SPb
2022-05-03,3338.0,356.0,5097.0,1394.0,SPb
2022-05-04,4388.0,328.0,5084.0,1431.0,SPb
2022-05-05,6621.0,349.0,4930.0,1401.0,SPb
2022-05-06,8992.0,364.0,4811.0,1343.0,SPb
2022-05-07,8501.0,357.0,4749.0,1351.0,SPb
2022-05-08,7115.0,373.0,4734.0,1333.0,SPb
2022-05-09,4436.0,312.0,4660.0,1387.0,SPb
2022-05-10,3376.0,309.0,4638.0,1430.0,SPb
2022-05-11,3890.0,304.0,4584.0,1432.0,SPb
2022-05-12,7788.0,321.0,4234.0,1348.0,SPb
2022-05-13,9133.0,337.0,4010.0,1358.0,SPb
2022-05-14,9743.0,315.0,3888.0,1359.0,SPb
2022-05-15,7588.0,358.0,3875.0,1407.0,SPb
2022-05-16,4851.0,334.0,3914.0,1440.0,SPb
2022-05-17,6753.0,326.0,3499.0,1429.0,SPb
2022-05-18,9311.0,361.0,3104.0,1372.0,SPb
2022-05-19,9829.0,352.0,2958.0,1333.0,SPb
2022-05-20,8525.0,357.0,2831.0,1286.0,SPb
2022-05-21,7061.0,339.0,2692.0,1282.0,SPb
2022-05-22,6856.0,318.0,2899.0,1317.0,SPb
2022-05-23,4112.0,307.0,3160.0,1367.0,SPb
2022-05-24,5741.0,304.0,3233.0,1277.0,SPb
2022-05-25,8120.0,326.0,3036.0,1203.0,SPb
2022-05-26,9321.0,293.0,2921.0,1178.0,SPb
2022-05-27,8109.0,317.0,2883.0,1148.0,SPb
2022-05-28,8235.0,273.0,2795.0,1111.0,SPb
2022-05-29,7833.0,257.0,2968.0,1141.0,SPb
2022-05-30,4658.0,253.0,3145.0,1169.0,SPb
2022-05-31,6728.0,248.0,2969.0,1101.0,SPb
2022-06-01,9302.0,294.0,2827.0,1099.0,SPb
2022-06-02,9529.0,291.0,2783.0,1066.0,SPb
2022-06-03,7521.0,302.0,2740.0,1034.0,SPb
2022-06-04,7574.0,263.0,2666.0,1017.0,SPb
2022-06-05,6086.0,248.0,2704.0,1079.0,SPb
2022-06-06,3996.0,242.0,2837.0,1105.0,SPb
2022-06-07,6518.0,251.0,2706.0,1060.0,SPb
2022-06-08,7808.0,223.0,2583.0,1042.0,SPb
2022-06-09,7803.0,212.0,2527.0,1014.0,SPb
2022-06-10,7357.0,217.0,2496.0,1017.0,SPb
2022-06-11,6800.0,214.0,2472.0,997.0,SPb
2022-06-12,5227.0,206.0,2592.0,1053.0,SPb
2022-06-13,5854.0,203.0,2578.0,1099.0,SPb
2022-06-14,6639.0,201.0,2587.0,1141.0,SPb
2022-06-15,12939.0,212.0,2466.0,1046.0,SPb
2022-06-16,16071.0,234.0,2404.0,1036.0,SPb
2022-06-17,9417.0,228.0,2508.0,1035.0,SPb
2022-06-18,9804.0,221.0,2372.0,975.0,SPb
2022-06-19,6092.0,217.0,2411.0,987.0,SPb
2022-06-20,3602.0,206.0,2438.0,1015.0,SPb
2022-06-21,0.0,214.0,2390.0,1015.0,SPb
2022-06-22,6723.0,225.0,2311.0,945.0,SPb
2022-06-23,7597.0,220.0,2301.0,927.0,SPb
2022-06-24,8466.0,227.0,2300.0,918.0,SPb
2022-06-25,6697.0,232.0,2304.0,911.0,SPb
2022-06-26,4982.0,244.0,2441.0,950.0,SPb
2022-06-27,4572.0,238.0,2649.0,976.0,SPb
2022-06-28,5713.0,230.0,2436.0,927.0,SPb
2022-06-29,8349.0,241.0,2368.0,904.0,SPb
2022-06-30,7138.0,246.0,2366.0,878.0,SPb
2022-07-01,5811.0,252.0,2419.0,883.0,SPb
2022-07-02,5235.0,257.0,2436.0,824.0,SPb
2022-07-03,5397.0,248.0,2578.0,866.0,SPb
2022-07-04,2503.0,253.0,2731.0,893.0,SPb
2022-07-05,4703.0,251.0,2608.0,871.0,SPb
2022-07-06,6160.0,259.0,2615.0,818.0,SPb
2022-07-07,6322.0,266.0,2612.0,801.0,SPb
2022-07-08,5419.0,273.0,2646.0,801.0,SPb
2022-07-09,0.0,268.0,2736.0,801.0,SPb
2022-07-10,4996.0,277.0,2825.0,830.0,SPb
2022-07-11,2527.0,269.0,3043.0,865.0,SPb
2022-07-12,5538.0,275.0,2963.0,811.0,SPb
2022-07-13,6718.0,284.0,2958.0,796.0,SPb
2022-07-14,7300.0,297.0,3027.0,803.0,SPb
2022-07-15,6968.0,329.0,3188.0,792.0,SPb
2022-07-16,6552.0,364.0,3429.0,829.0,SPb
2022-07-17,6039.0,435.0,3794.0,835.0,SPb
2022-07-18,3094.0,517.0,4277.0,868.0,SPb
2022-07-19,4997.0,521.0,4363.0,839.0,SPb
2022-07-20,6524.0,572.0,4417.0,813.0,SPb
2022-07-21,7547.0,604.0,4471.0,816.0,SPb
2022-07-22,7311.0,693.0,4690.0,792.0,SPb
2022-07-23,6655.0,711.0,5092.0,777.0,SPb
2022-07-24,6143.0,781.0,5404.0,807.0,SPb
2022-07-25,3839.0,788.0,5635.0,814.0,SPb
2022-07-26,6200.0,794.0,6054.0,833.0,SPb
2022-07-27,8060.0,946.0,6672.0,913.0,SPb
2022-07-28,10214.0,1151.0,7455.0,946.0,SPb
2022-07-29,9692.0,1272.0,8433.0,975.0,SPb
2022-07-30,8503.0,1457.0,9194.0,989.0,SPb
2022-07-31,8025.0,1596.0,10096.0,1056.0,SPb
2022-08-01,4267.0,1711.0,11129.0,1076.0,SPb
2022-08-02,6908.0,1635.0,11786.0,1159.0,SPb
2022-08-03,9425.0,1781.0,12378.0,1228.0,SPb
2022-08-04,11760.0,1814.0,12981.0,1277.0,SPb
2022-08-05,13183.0,2078.0,14079.0,1346.0,SPb
2022-08-06,13199.0,2303.0,15251.0,1387.0,SPb
2022-08-07,0.0,2410.0,16486.0,1387.0,SPb
2022-08-08,6084.0,2642.0,17826.0,1570.0,SPb
2022-08-09,9092.0,2639.0,18890.0,1652.0,SPb
2022-08-10,12672.0,2894.0,19984.0,1753.0,SPb
2022-08-11,16191.0,2940.0,21028.0,1849.0,SPb
2022-08-12,15355.0,3229.0,22706.0,1911.0,SPb
2022-08-13,14123.0,3454.0,24273.0,1954.0,SPb
2022-08-14,11996.0,3761.0,26268.0,2069.0,SPb
2022-08-15,6517.0,3782.0,28317.0,2118.0,SPb
2022-08-16,11533.0,3776.0,29112.0,2054.0,SPb
2022-08-17,14847.0,3881.0,29227.0,2211.0,SPb
2022-08-18,18907.0,3845.0,29984.0,2247.0,SPb
2022-08-19,16468.0,4127.0,31221.0,2314.0,SPb
2022-08-20,16708.0,4399.0,32907.0,2331.0,SPb
2022-08-21,14222.0,4407.0,35127.0,2461.0,SPb
2022-08-22,7276.0,4410.0,36887.0,2527.0,SPb
2022-08-23,10499.0,4412.0,36640.0,2553.0,SPb
2022-08-24,16043.0,4406.0,36205.0,2593.0,SPb
2022-08-25,18751.0,4423.0,36448.0,2347.0,SPb
2022-08-26,16634.0,4435.0,35852.0,2346.0,SPb
2022-08-27,15902.0,4214.0,35629.0,2351.0,SPb
2022-08-28,13064.0,4269.0,36946.0,2297.0,SPb
2022-08-29,6873.0,3842.0,37361.0,2391.0,SPb
2022-08-30,12260.0,3497.0,35825.0,2462.0,SPb
2022-08-31,16795.0,3247.0,35208.0,2412.0,SPb
2022-09-01,20396.0,3152.0,34361.0,2334.0,SPb
2022-09-02,20396.0,3159.0,34527.0,2291.0,SPb
2022-09-03,14330.0,3013.0,35353.0,2221.0,SPb
2022-09-04,10395.0,3018.0,35731.0,2158.0,SPb
2022-09-05,6218.0,2997.0,36026.0,2174.0,SPb
2022-09-06,12198.0,3014.0,33427.0,2272.0,SPb
2022-09-07,13649.0,3172.0,31194.0,2207.0,SPb
2022-09-08,4968.0,3249.0,30787.0,2089.0,SPb
2022-09-09,16512.0,3315.0,29091.0,2029.0,SPb
2022-09-10,14312.0,3427.0,29516.0,1958.0,SPb
2022-09-11,12416.0,3484.0,30217.0,1995.0,SPb
2022-09-12,7093.0,3471.0,30503.0,2091.0,SPb
2022-09-13,13065.0,3478.0,29871.0,2169.0,SPb
2022-09-14,16497.0,3623.0,29430.0,2147.0,SPb
2022-09-15,21385.0,3635.0,30918.0,2124.0,SPb
2022-09-16,19620.0,3879.0,32229.0,2176.0,SPb
2022-09-17,17775.0,4152.0,33345.0,2262.0,SPb
2022-09-18,12638.0,3973.0,33757.0,2291.0,SPb
2022-09-19,10261.0,3991.0,34048.0,2392.0,SPb
2022-09-20,11688.0,4110.0,33857.0,2453.0,SPb
2022-09-21,16699.0,3897.0,33538.0,2375.0,SPb
2022-09-22,18838.0,3865.0,32725.0,2320.0,SPb
2022-09-23,18638.0,3936.0,31109.0,2345.0,SPb
2022-09-24,14535.0,3787.0,30165.0,2330.0,SPb
2022-09-25,11797.0,3314.0,30591.0,2261.0,SPb
2022-09-26,7041.0,2470.0,30533.0,2317.0,SPb
2022-09-27,10340.0,2081.0,29405.0,2364.0,SPb
2022-09-28,13640.0,1771.0,26638.0,2338.0,SPb
2022-09-29,17472.0,1782.0,25927.0,2232.0,SPb
2022-09-30,14695.0,1836.0,23692.0,2157.0,SPb
2022-10-01,12080.0,1864.0,23432.0,2097.0,SPb
2022-10-02,8183.0,1861.0,23383.0,1989.0,SPb
2022-10-03,6538.0,1750.0,23906.0,2035.0,SPb
2022-10-04,8545.0,1763.0,21784.0,2023.0,SPb
2022-10-05,11170.0,1632.0,20124.0,2014.0,SPb
2022-10-06,13064.0,1465.0,18638.0,1933.0,SPb
2022-10-07,13117.0,1443.0,17753.0,1917.0,SPb
2022-10-08,10146.0,1318.0,16477.0,1859.0,SPb
2022-10-09,7413.0,1305.0,16666.0,1801.0,SPb
2022-10-10,5357.0,1216.0,16368.0,1852.0,SPb
2022-10-11,7502.0,1232.0,15039.0,1890.0,SPb
2022-10-12,10025.0,978.0,13367.0,1897.0,SPb
2022-10-13,12122.0,951.0,11954.0,1827.0,SPb
2022-10-14,10257.0,963.0,11200.0,1756.0,SPb
2022-10-15,9061.0,911.0,10492.0,1692.0,SPb
2022-10-16,7345.0,726.0,10825.0,1660.0,SPb
2022-10-17,3635.0,709.0,11105.0,1726.0,SPb
2022-10-18,6473.0,647.0,10211.0,1766.0,SPb
2022-10-19,9329.0,687.0,9116.0,1756.0,SPb
2022-10-20,10068.0,574.0,8195.0,1670.0,SPb
2022-10-21,9806.0,551.0,7633.0,1598.0,SPb
2022-10-22,8025.0,539.0,7262.0,1596.0,SPb
2022-10-23,5725.0,536.0,7612.0,1524.0,SPb
2022-10-24,3126.0,524.0,7314.0,1565.0,SPb
2022-10-25,6654.0,464.0,6628.0,1596.0,SPb
2022-10-26,9081.0,471.0,6144.0,1568.0,SPb
2022-10-27,9167.0,468.0,6026.0,1544.0,SPb
2022-10-28,9412.0,473.0,5782.0,1497.0,SPb
2022-10-29,7565.0,476.0,5465.0,1474.0,SPb
2022-10-30,6127.0,469.0,5442.0,1486.0,SPb
2022-10-31,3203.0,398.0,5411.0,1531.0,SPb
2022-11-01,6124.0,426.0,5092.0,1584.0,SPb
2022-11-02,7510.0,461.0,4839.0,1604.0,SPb
2022-11-03,8116.0,412.0,4627.0,1588.0,SPb
2022-11-04,7884.0,407.0,4471.0,1482.0,SPb
2022-11-05,4298.0,388.0,4622.0,1438.0,SPb
2022-11-06,3552.0,349.0,4594.0,1473.0,SPb
2022-11-07,2815.0,351.0,4642.0,1511.0,SPb
2022-11-08,6012.0,370.0,4189.0,1537.0,SPb
2022-11-09,9139.0,277.0,3974.0,1538.0,SPb
2022-11-10,9408.0,305.0,3867.0,1510.0,SPb
2022-11-11,8848.0,328.0,3865.0,1486.0,SPb
2022-11-12,6873.0,355.0,3917.0,1477.0,SPb
2022-11-13,5751.0,391.0,4102.0,1471.0,SPb
2022-11-14,3116.0,406.0,4287.0,1506.0,SPb
2022-11-15,5833.0,439.0,4122.0,1524.0,SPb
2022-11-16,7851.0,442.0,3955.0,1510.0,SPb
2022-11-17,9096.0,465.0,3845.0,1498.0,SPb
2022-11-18,8015.0,467.0,3806.0,1491.0,SPb
2022-11-19,6470.0,458.0,3749.0,1480.0,SPb
2022-11-20,5168.0,464.0,3944.0,1456.0,SPb
2022-11-21,4116.0,451.0,3999.0,1494.0,SPb
2022-11-22,4914.0,456.0,3862.0,1535.0,SPb
2022-11-23,8528.0,472.0,3694.0,1609.0,SPb
2022-11-24,9630.0,463.0,3827.0,1602.0,SPb
2022-11-25,10020.0,488.0,4056.0,1594.0,SPb
2022-11-26,7868.0,501.0,4293.0,1592.0,SPb
2022-11-27,5774.0,547.0,4530.0,1605.0,SPb
2022-11-28,5642.0,579.0,4696.0,1677.0,SPb
2022-11-29,5868.0,574.0,4624.0,1738.0,SPb
2022-11-30,10424.0,598.0,4621.0,1708.0,SPb
2022-12-01,11347.0,626.0,4784.0,1789.0,SPb
2022-12-02,10066.0,730.0,5025.0,1754.0,SPb
2022-12-03,10361.0,798.0,5353.0,1777.0,SPb
2022-12-04,9542.0,812.0,5677.0,1837.0,SPb
2022-12-05,4608.0,807.0,5839.0,1893.0,SPb
2022-12-06,8114.0,824.0,5847.0,1965.0,SPb
2022-12-07,13060.0,872.0,5969.0,1989.0,SPb
2022-12-08,17493.0,863.0,6294.0,2026.0,SPb
2022-12-09,15472.0,902.0,6736.0,2084.0,SPb
2022-12-10,14919.0,949.0,7112.0,2162.0,SPb
2022-12-11,13703.0,907.0,7402.0,2133.0,SPb
2022-12-12,7801.0,914.0,7671.0,2269.0,SPb
2022-12-13,9198.0,948.0,7773.0,2310.0,SPb
2022-12-14,13850.0,973.0,7931.0,2308.0,SPb
2022-12-15,17648.0,1024.0,8008.0,2353.0,SPb
2022-12-16,16696.0,1098.0,8380.0,2452.0,SPb
2022-12-17,14580.0,1153.0,8704.0,2407.0,SPb
2022-12-18,11215.0,1226.0,9160.0,2425.0,SPb
2022-12-19,9161.0,1217.0,9460.0,2551.0,SPb
2022-12-20,8240.0,1231.0,9423.0,2649.0,SPb
2022-12-21,13398.0,1157.0,9311.0,2626.0,SPb
2022-12-22,15564.0,1006.0,9014.0,2580.0,SPb
2022-12-23,14990.0,1068.0,8956.0,2588.0,SPb
2022-12-24,11828.0,997.0,8880.0,2577.0,SPb
2022-12-25,10194.0,973.0,9148.0,2539.0,SPb
2022-12-26,5709.0,882.0,9154.0,2609.0,SPb
2022-12-27,6065.0,851.0,8826.0,2669.0,SPb
2022-12-28,10093.0,709.0,8302.0,2574.0,SPb
2022-12-29,10324.0,713.0,7905.0,2448.0,SPb
2022-12-30,9718.0,717.0,7448.0,2300.0,SPb
2022-12-31,7287.0,708.0,6916.0,2113.0,SPb
2023-01-01,6671.0,728.0,7094.0,1899.0,SPb
2023-01-02,1180.0,615.0,7156.0,1854.0,SPb
2023-01-03,2542.0,507.0,7011.0,1920.0,SPb
2023-01-04,2919.0,328.0,6868.0,2017.0,SPb
2023-01-05,4276.0,330.0,6708.0,2021.0,SPb
2023-01-06,3046.0,387.0,6503.0,2109.0,SPb
2023-01-07,3951.0,313.0,6314.0,2078.0,SPb
2023-01-08,3635.0,345.0,6277.0,1995.0,SPb
2023-01-09,2346.0,277.0,6242.0,2092.0,SPb
2023-01-10,5685.0,304.0,5588.0,2132.0,SPb
2023-01-11,8790.0,335.0,5038.0,2058.0,SPb
2023-01-12,8705.0,396.0,4915.0,2006.0,SPb
2023-01-13,8173.0,442.0,4967.0,1942.0,SPb
2023-01-14,6677.0,497.0,5076.0,1920.0,SPb
2023-01-15,5528.0,554.0,5302.0,1805.0,SPb
2023-01-16,3786.0,608.0,5530.0,1850.0,SPb
2023-01-17,4873.0,663.0,5331.0,1870.0,SPb
2023-01-18,7486.0,687.0,5320.0,1869.0,SPb
2023-01-19,8592.0,674.0,5312.0,1872.0,SPb
2023-01-20,7537.0,712.0,5560.0,1859.0,SPb
2023-01-21,6416.0,730.0,5722.0,1831.0,SPb
2023-01-22,5383.0,671.0,5827.0,1753.0,SPb
2023-01-23,3417.0,664.0,5921.0,1783.0,SPb
2023-01-24,4636.0,669.0,5798.0,1824.0,SPb
2023-01-25,7341.0,713.0,5631.0,1790.0,SPb
2023-01-26,8148.0,704.0,5632.0,1744.0,SPb
2023-01-27,7792.0,721.0,5839.0,1683.0,SPb
2023-01-28,6320.0,733.0,6081.0,1664.0,SPb
2023-01-29,6125.0,728.0,6412.0,1622.0,SPb
2023-01-30,3082.0,736.0,6587.0,1634.0,SPb
2023-01-31,4515.0,741.0,6423.0,1670.0,SPb
2023-02-01,7829.0,813.0,6241.0,1698.0,SPb
2023-02-02,9110.0,822.0,6419.0,1644.0,SPb
2023-02-03,8338.0,907.0,6380.0,1596.0,SPb
2023-02-04,7904.0,915.0,6692.0,1576.0,SPb
2023-02-05,6142.0,910.0,7302.0,1516.0,SPb
2023-02-06,3294.0,1007.0,7905.0,1549.0,SPb
2023-02-07,5641.0,1013.0,7985.0,1583.0,SPb
2023-02-08,8250.0,1034.0,8093.0,1566.0,SPb
2023-02-09,10564.0,1107.0,8383.0,1495.0,SPb
2023-02-10,8971.0,1224.0,8896.0,1481.0,SPb
2023-02-11,8344.0,1311.0,9305.0,1460.0,SPb
2023-02-12,6066.0,1409.0,9990.0,1440.0,SPb
2023-02-13,3962.0,1326.0,10408.0,1467.0,SPb
2023-02-14,5740.0,1203.0,10091.0,1511.0,SPb
2023-02-15,8787.0,1271.0,9879.0,1526.0,SPb
2023-02-16,10754.0,1308.0,10239.0,1464.0,SPb
2023-02-17,8633.0,1427.0,11039.0,1461.0,SPb
2023-02-18,9349.0,1420.0,11300.0,1446.0,SPb
2023-02-19,6624.0,1508.0,12198.0,1458.0,SPb
2023-02-20,3918.0,1412.0,12924.0,1553.0,SPb
2023-02-21,6009.0,1253.0,12295.0,1593.0,SPb
2023-02-22,8412.0,1383.0,11835.0,1584.0,SPb
2023-02-23,8197.0,1407.0,11711.0,1510.0,SPb
2023-02-24,6336.0,1345.0,12138.0,1478.0,SPb
2023-02-25,3839.0,1162.0,12217.0,1499.0,SPb
2023-02-26,4042.0,1056.0,12471.0,1509.0,SPb
2023-02-27,3304.0,1063.0,12618.0,1543.0,SPb
2023-02-28,6573.0,1026.0,12450.0,1584.0,SPb
2023-03-01,9299.0,1130.0,11491.0,1554.0,SPb
2023-03-02,13577.0,1215.0,11228.0,1517.0,SPb
2023-03-03,9031.0,1334.0,11345.0,1517.0,SPb
2023-03-04,8677.0,1407.0,11808.0,1538.0,SPb
2023-03-05,6512.0,1499.0,12922.0,1503.0,SPb
2023-03-06,3865.0,1386.0,13740.0,1561.0,SPb
2023-03-07,5088.0,1460.0,13320.0,1623.0,SPb
2023-03-08,7910.0,1241.0,12160.0,1562.0,SPb
2023-03-09,5098.0,1174.0,11987.0,1480.0,SPb
2023-03-10,6887.0,1291.0,11706.0,1506.0,SPb
2023-03-11,7596.0,1302.0,11340.0,1473.0,SPb
2023-03-12,7023.0,1193.0,11542.0,1443.0,SPb
2023-03-13,3925.0,1168.0,11843.0,1514.0,SPb
2023-03-14,6433.0,1137.0,12014.0,1580.0,SPb
2023-03-15,9058.0,1221.0,11552.0,1590.0,SPb
2023-03-16,10464.0,1306.0,11816.0,1590.0,SPb
2023-03-17,8541.0,1411.0,11736.0,1583.0,SPb
2023-03-18,7987.0,1418.0,12138.0,1557.0,SPb
2023-03-19,5961.0,1383.0,12787.0,1540.0,SPb
2023-03-20,3588.0,1294.0,13879.0,1549.0,SPb
2023-03-21,5846.0,1226.0,13197.0,1604.0,SPb
2023-03-22,8277.0,1295.0,12367.0,1580.0,SPb
2023-03-23,10176.0,1336.0,12077.0,1544.0,SPb
2023-03-24,8231.0,1383.0,12190.0,1535.0,SPb
2023-03-25,7770.0,1344.0,12179.0,1535.0,SPb
2023-03-26,6044.0,1279.0,12483.0,1515.0,SPb
2023-03-27,3377.0,1183.0,12730.0,1543.0,SPb
2023-03-28,5801.0,1137.0,12774.0,1568.0,SPb
2023-03-29,7551.0,1149.0,12040.0,1530.0,SPb
2023-03-30,8909.0,1054.0,11886.0,1485.0,SPb
2023-03-31,7364.0,1562.0,12319.0,1494.0,SPb
2023-04-01,6734.0,1067.0,12173.0,1463.0,SPb
2023-04-02,5381.0,1022.0,12187.0,1442.0,SPb
2023-04-03,3070.0,995.0,12473.0,1477.0,SPb
2023-04-04,5379.0,998.0,12063.0,1508.0,SPb
2023-04-05,7297.0,947.0,11505.0,1461.0,SPb
2023-04-06,8619.0,862.0,11107.0,1452.0,SPb
2023-04-07,0.0,874.0,10664.0,1452.0,SPb
2023-04-08,0.0,891.0,10521.0,1452.0,SPb
2023-04-09,5458.0,820.0,10626.0,1337.0,SPb
2023-04-10,2644.0,756.0,10687.0,1368.0,SPb
2023-04-11,5154.0,691.0,10088.0,1399.0,SPb
2023-04-12,6845.0,739.0,9467.0,1426.0,SPb
2023-04-13,7562.0,810.0,9049.0,1388.0,SPb
2023-04-14,6431.0,804.0,8673.0,1389.0,SPb
2023-04-15,5961.0,796.0,8447.0,1353.0,SPb
2023-04-16,4995.0,768.0,8760.0,1284.0,SPb
2023-04-17,2743.0,672.0,8810.0,1305.0,SPb
2023-04-18,4922.0,538.0,8082.0,1328.0,SPb
2023-04-19,6561.0,547.0,7674.0,1293.0,SPb
2023-04-20,7769.0,589.0,7520.0,1252.0,SPb
2023-04-21,6073.0,578.0,7414.0,1231.0,SPb
2023-04-22,6064.0,574.0,7410.0,1245.0,SPb
2023-04-23,4372.0,541.0,7491.0,1145.0,SPb
2023-04-24,2752.0,563.0,7666.0,1207.0,SPb
2023-04-25,4917.0,612.0,7476.0,1237.0,SPb
2023-04-26,6217.0,636.0,6999.0,1228.0,SPb
2023-04-27,7125.0,630.0,6860.0,1179.0,SPb
2023-04-28,6024.0,615.0,6612.0,1199.0,SPb
2023-04-29,5129.0,570.0,6476.0,1191.0,SPb
2023-04-30,3226.0,499.0,6400.0,1151.0,SPb
2023-05-01,2094.0,431.0,6435.0,1187.0,SPb
2023-05-02,1901.0,195.0,6442.0,1228.0,SPb
2023-05-03,1096.0,237.0,6125.0,1255.0,SPb
2023-05-04,5249.0,294.0,5573.0,1221.0,SPb
2023-05-05,6069.0,308.0,5281.0,1175.0,SPb
2023-05-06,4921.0,347.0,5058.0,1111.0,SPb
2023-05-07,3675.0,319.0,5012.0,1050.0,SPb
2023-05-08,1453.0,284.0,5080.0,1074.0,SPb
2023-05-09,1986.0,231.0,5059.0,1123.0,SPb
2023-05-10,2288.0,177.0,4999.0,1135.0,SPb
2023-05-11,5049.0,174.0,4631.0,1180.0,SPb
2023-05-12,0.0,198.0,4259.0,1180.0,SPb
2023-05-13,5668.0,187.0,4109.0,1109.0,SPb
2023-05-14,3475.0,193.0,4101.0,1078.0,SPb
2023-05-15,2288.0,189.0,4153.0,1125.0,SPb
2023-05-16,3896.0,246.0,4153.0,1160.0,SPb
2023-05-17,5092.0,184.0,4153.0,1130.0,SPb
2023-05-18,5047.0,191.0,4153.0,1097.0,SPb
2023-05-19,4901.0,186.0,4153.0,1068.0,SPb
2023-05-20,3704.0,173.0,4153.0,1029.0,SPb
2023-05-21,2859.0,177.0,4153.0,957.0,SPb
2023-05-22,1645.0,142.0,4153.0,974.0,SPb
2023-05-23,3872.0,94.0,4153.0,979.0,SPb
2023-05-24,4739.0,94.0,4153.0,952.0,SPb
2023-05-25,5124.0,104.0,4153.0,948.0,SPb
2023-05-26,5985.0,102.0,4153.0,960.0,SPb
2023-05-27,4119.0,113.0,4153.0,938.0,SPb
2023-05-28,3127.0,107.0,4153.0,925.0,SPb
2023-05-29,2154.0,114.0,4153.0,960.0,SPb
2023-05-30,4246.0,121.0,4153.0,986.0,SPb
2023-05-31,4557.0,129.0,4153.0,950.0,SPb
2023-06-01,4806.0,149.0,4153.0,926.0,SPb
2023-06-02,3841.0,109.0,4153.0,907.0,SPb
2023-06-03,3715.0,83.0,4153.0,909.0,SPb
2023-06-04,2639.0,81.0,4153.0,868.0,SPb
2023-06-05,1761.0,68.0,4153.0,911.0,SPb
2023-06-06,3738.0,54.0,4153.0,948.0,SPb
2023-06-07,4027.0,61.0,4153.0,942.0,SPb
2023-06-08,3868.0,68.0,4153.0,943.0,SPb
2023-06-09,3827.0,73.0,4153.0,909.0,SPb
2023-06-10,3085.0,79.0,4153.0,907.0,SPb
2023-06-11,2312.0,79.0,4153.0,901.0,SPb
2023-06-12,1609.0,63.0,4153.0,930.0,SPb
2023-06-13,7088.0,43.0,4153.0,972.0,SPb
2023-06-14,8211.0,42.0,4153.0,979.0,SPb
2023-06-15,15164.0,53.0,4153.0,936.0,SPb
2023-06-16,3893.0,61.0,4153.0,1391.0,SPb
2023-06-17,3595.0,68.0,4153.0,909.0,SPb
2023-06-18,2516.0,74.0,4153.0,887.0,SPb
2023-06-19,8749.0,77.0,4153.0,883.0,SPb
2023-06-20,3622.0,41.0,4153.0,921.0,SPb
2023-06-21,3939.0,40.0,4153.0,918.0,SPb
2023-06-22,3903.0,48.0,4153.0,910.0,SPb
2023-06-23,3903.0,48.0,4153.0,910.0,SPb
2023-06-24,3148.0,59.0,4153.0,875.0,SPb
2023-06-25,2412.0,61.0,4153.0,855.0,SPb
2023-06-26,1283.0,54.0,4153.0,880.0,SPb
2023-06-27,2558.0,52.0,4153.0,900.0,SPb
2023-06-28,3096.0,46.0,4153.0,881.0,SPb
2023-06-29,3079.0,50.0,4153.0,879.0,SPb
2023-06-30,2483.0,47.0,4153.0,857.0,SPb
2023-07-01,2055.0,43.0,4153.0,825.0,SPb
2023-07-02,1928.0,41.0,4153.0,825.0,SPb
2023-07-03,984.0,38.0,4153.0,822.0,SPb
2023-07-04,2237.0,38.0,4153.0,849.0,SPb
2023-07-05,2432.0,36.0,4153.0,825.0,SPb
2023-07-06,2721.0,33.0,4153.0,815.0,SPb
2023-07-07,2371.0,37.0,4153.0,786.0,SPb
2023-07-08,2156.0,32.0,4153.0,745.0,SPb
2023-07-09,1585.0,34.0,4153.0,744.0,SPb
2023-07-10,958.0,15.0,4153.0,744.0,SPb
2023-07-11,2110.0,28.0,4153.0,774.0,SPb
2023-07-12,2596.0,35.0,4153.0,759.0,SPb
2023-07-13,3550.0,33.0,4153.0,732.0,SPb
2023-07-14,2656.0,31.0,4153.0,711.0,SPb
2023-07-15,3113.0,35.0,4153.0,666.0,SPb
2023-07-16,1879.0,32.0,4153.0,676.0,SPb
2023-07-17,996.0,28.0,4153.0,700.0,SPb
2023-07-18,1611.0,26.0,4153.0,714.0,SPb
2023-07-19,2037.0,24.0,4153.0,705.0,SPb
2023-07-20,2528.0,31.0,4153.0,683.0,SPb
2023-07-21,2073.0,33.0,4153.0,654.0,SPb
2023-07-22,1851.0,37.0,4153.0,626.0,SPb
2023-07-23,1719.0,42.0,4153.0,613.0,SPb
2023-07-24,892.0,36.0,4153.0,612.0,SPb
2023-07-25,6032.0,28.0,4153.0,645.0,SPb
2023-07-26,6315.0,34.0,4153.0,661.0,SPb
2023-07-27,6134.0,39.0,4153.0,661.0,SPb
2023-07-28,12507.0,41.0,4153.0,651.0,SPb
2023-07-29,28874.0,38.0,4153.0,645.0,SPb
2023-07-30,28874.0,38.0,4153.0,645.0,SPb
2023-07-31,774.0,34.0,4153.0,635.0,SPb
2023-08-01,1747.0,35.0,4153.0,668.0,SPb
2023-08-02,1809.0,38.0,4153.0,648.0,SPb
2023-08-03,2769.0,39.0,4153.0,658.0,SPb
2023-08-04,1964.0,36.0,4153.0,657.0,SPb
2023-08-05,2328.0,32.0,4153.0,635.0,SPb
2023-08-06,2190.0,34.0,4153.0,608.0,SPb
2023-08-07,1291.0,26.0,4153.0,638.0,SPb
2023-08-08,1895.0,19.0,4153.0,678.0,SPb
2023-08-09,2101.0,26.0,4153.0,652.0,SPb
2023-08-10,2385.0,33.0,4153.0,640.0,SPb
2023-08-11,2024.0,41.0,4153.0,649.0,SPb
2023-08-12,1639.0,45.0,4153.0,631.0,SPb
2023-08-13,1442.0,49.0,4153.0,623.0,SPb
2023-08-14,777.0,31.0,4153.0,663.0,SPb
2023-08-15,1895.0,38.0,4153.0,695.0,SPb
2023-08-16,2105.0,32.0,4153.0,676.0,SPb
2023-08-17,2303.0,39.0,4153.0,568.0,SPb
2023-08-18,1965.0,46.0,4153.0,571.0,SPb
2023-08-19,1692.0,54.0,4153.0,569.0,SPb
2023-08-20,1652.0,49.0,4153.0,561.0,SPb
2023-08-21,788.0,43.0,4153.0,575.0,SPb
2023-08-22,1687.0,46.0,4153.0,596.0,SPb
2023-08-23,2069.0,44.0,4153.0,597.0,SPb
2023-08-24,2371.0,45.0,4153.0,578.0,SPb
2023-08-25,2189.0,51.0,4153.0,589.0,SPb
2023-08-26,1984.0,53.0,4153.0,579.0,SPb
2023-08-27,1669.0,10.0,4153.0,566.0,SPb
2023-08-28,1029.0,48.0,4153.0,593.0,SPb
2023-08-29,1984.0,41.0,4153.0,621.0,SPb
2023-08-30,2168.0,44.0,4153.0,628.0,SPb
2023-08-31,2923.0,63.0,4153.0,606.0,SPb
2023-09-01,2523.0,89.0,4153.0,614.0,SPb
2023-09-02,2537.0,92.0,4153.0,622.0,SPb
2023-09-03,1581.0,96.0,4153.0,615.0,SPb
2023-09-04,1338.0,87.0,4153.0,658.0,SPb
2023-09-05,1983.0,75.0,4153.0,668.0,SPb
2023-09-06,2830.0,69.0,4153.0,668.0,SPb
2023-09-07,2830.0,69.0,4153.0,668.0,SPb
2023-09-08,2817.0,97.0,4153.0,665.0,SPb
2023-09-09,2985.0,105.0,4153.0,654.0,SPb
2023-09-10,2985.0,105.0,4153.0,654.0,SPb
2023-09-11,2985.0,105.0,4153.0,654.0,SPb
2023-09-12,2633.0,148.0,4153.0,721.0,SPb
2023-09-13,3992.0,151.0,4153.0,748.0,SPb
2023-09-14,5491.0,163.0,4153.0,758.0,SPb
2023-09-15,4821.0,172.0,4153.0,809.0,SPb
2023-09-16,4338.0,184.0,4153.0,694.0,SPb
2023-09-17,4338.0,184.0,4153.0,694.0,SPb
2023-09-18,2303.0,179.0,4153.0,744.0,SPb
2023-09-19,3382.0,153.0,4153.0,818.0,SPb
2023-09-20,4997.0,161.0,4153.0,819.0,SPb
2023-09-21,6136.0,164.0,4153.0,806.0,SPb
2023-09-22,6128.0,172.0,4153.0,812.0,SPb
2023-09-23,5160.0,186.0,4153.0,799.0,SPb
2023-09-24,3606.0,189.0,4153.0,799.0,SPb
2023-09-25,1858.0,213.0,4153.0,831.0,SPb
2023-09-26,3429.0,241.0,4153.0,872.0,SPb
2023-09-27,3429.0,241.0,4153.0,872.0,SPb
2023-09-28,6264.0,301.0,4153.0,884.0,SPb
2023-09-29,6133.0,315.0,4153.0,859.0,SPb
2023-09-30,4561.0,310.0,4153.0,840.0,SPb
2023-10-01,4561.0,310.0,4153.0,840.0,SPb
2023-10-02,2161.0,244.0,4153.0,928.0,SPb
2023-10-03,3109.0,217.0,4153.0,942.0,SPb
2023-10-04,4309.0,201.0,4153.0,916.0,SPb
2023-10-05,6376.0,208.0,4153.0,881.0,SPb
2023-10-06,6376.0,211.0,4153.0,881.0,SPb
2023-10-07,5169.0,203.0,4153.0,878.0,SPb
2023-10-08,2930.0,209.0,4153.0,869.0,SPb
2023-10-09,2210.0,197.0,4153.0,931.0,SPb
2023-10-10,3220.0,195.0,4153.0,974.0,SPb
2023-10-11,4747.0,192.0,4153.0,963.0,SPb
2023-10-12,5469.0,190.0,4153.0,932.0,SPb
2023-10-13,6346.0,213.0,4153.0,931.0,SPb
2023-10-14,4454.0,207.0,4153.0,922.0,SPb
2023-10-15,3479.0,221.0,4153.0,922.0,SPb
2023-10-16,1953.0,196.0,4153.0,975.0,SPb
2023-10-17,3098.0,205.0,4153.0,976.0,SPb
2023-10-18,4440.0,216.0,4153.0,1037.0,SPb
2023-10-19,6163.0,199.0,4153.0,998.0,SPb
2023-10-20,4671.0,239.0,4153.0,1004.0,SPb
2023-10-21,4563.0,257.0,4153.0,1005.0,SPb
2023-10-22,3271.0,276.0,4153.0,1026.0,SPb
2023-10-23,1351.0,298.0,4153.0,1083.0,SPb
2023-10-24,3561.0,329.0,4153.0,1090.0,SPb
2023-10-25,6339.0,326.0,4153.0,1064.0,SPb
2023-10-26,6339.0,326.0,4153.0,1064.0,SPb
2023-10-27,5847.0,351.0,4153.0,1058.0,SPb
2023-10-28,5257.0,359.0,4153.0,1070.0,SPb
2023-10-29,2934.0,382.0,4153.0,1118.0,SPb
2023-10-30,1925.0,391.0,4153.0,1113.0,SPb
2023-10-31,3307.0,392.0,4153.0,1175.0,SPb
2023-11-01,5003.0,401.0,4153.0,1181.0,SPb
2023-11-02,5949.0,407.0,4153.0,1211.0,SPb
2023-11-03,5526.0,439.0,4153.0,1236.0,SPb
2023-11-04,4364.0,503.0,4153.0,1223.0,SPb
2023-11-05,3532.0,547.0,4153.0,1200.0,SPb
2023-11-06,1911.0,553.0,4153.0,1265.0,SPb
2023-11-07,1685.0,496.0,4153.0,1326.0,SPb
2023-11-08,3593.0,441.0,4153.0,1333.0,SPb
2023-11-09,3593.0,441.0,4153.0,1333.0,SPb
2023-11-10,6677.0,526.0,4153.0,1291.0,SPb
2023-11-11,5634.0,588.0,4153.0,1256.0,SPb
2023-11-12,4923.0,601.0,4153.0,1268.0,SPb
2023-11-13,2652.0,667.0,4153.0,1306.0,SPb
2023-11-14,3751.0,710.0,4153.0,1292.0,SPb
2023-11-15,5834.0,796.0,4153.0,1291.0,SPb
2023-11-16,7296.0,820.0,4153.0,1330.0,SPb
2023-11-17,6435.0,899.0,4153.0,1301.0,SPb
2023-11-18,5932.0,978.0,4153.0,1297.0,SPb
2023-11-19,4037.0,964.0,4153.0,1315.0,SPb
2023-11-20,2824.0,1013.0,4153.0,1355.0,SPb
2023-11-21,4106.0,1114.0,4153.0,1419.0,SPb
2023-11-22,5574.0,1174.0,4153.0,1346.0,SPb
2023-11-23,8535.0,1170.0,4153.0,1426.0,SPb
2023-11-24,7673.0,1189.0,4153.0,1439.0,SPb
2023-11-25,5388.0,1157.0,4153.0,1468.0,SPb
2023-11-26,5894.0,1193.0,4153.0,1499.0,SPb
2023-11-27,2982.0,1185.0,4153.0,1563.0,SPb
2023-11-28,4490.0,1259.0,4153.0,1605.0,SPb
2023-11-29,7316.0,1303.0,4153.0,1616.0,SPb
2023-11-30,10934.0,1395.0,4153.0,1603.0,SPb
2023-12-01,9491.0,1439.0,4153.0,1617.0,SPb
2023-12-02,8002.0,1621.0,4153.0,1600.0,SPb
2023-12-03,8014.0,1813.0,4153.0,1606.0,SPb
2023-12-04,3542.0,2005.0,4153.0,1659.0,SPb
2023-12-05,6148.0,2158.0,4153.0,1707.0,SPb
2023-12-06,8980.0,2186.0,4153.0,1801.0,SPb
2023-12-07,13825.0,1767.0,4153.0,1815.0,SPb
2023-12-08,12380.0,2105.0,4153.0,1821.0,SPb
2023-12-09,11683.0,2243.0,4153.0,1901.0,SPb
2023-12-10,9021.0,2264.0,4153.0,1958.0,SPb
2023-12-11,4301.0,1767.0,4153.0,2081.0,SPb
2023-12-12,4301.0,1767.0,4153.0,2081.0,SPb
2023-12-13,12019.0,1770.0,4153.0,2094.0,SPb
2023-12-14,15303.0,1751.0,4153.0,2129.0,SPb
2023-12-15,15303.0,1751.0,4153.0,2129.0,SPb
2023-12-16,12722.0,1784.0,4153.0,2091.0,SPb
2023-12-17,12722.0,1784.0,4153.0,2091.0,SPb
2023-12-18,7074.0,1405.0,4153.0,2282.0,SPb
2023-12-19,7246.0,1075.0,4153.0,2397.0,SPb
2023-12-20,11042.0,1158.0,4153.0,2399.0,SPb
2023-12-21,17127.0,1247.0,4153.0,2445.0,SPb
2023-12-22,13482.0,1335.0,4153.0,2456.0,SPb
2023-12-23,11751.0,1431.0,4153.0,2394.0,SPb
2023-12-24,8173.0,1270.0,4153.0,2363.0,SPb
2023-12-25,4962.0,1136.0,4153.0,2457.0,SPb
2023-12-26,6283.0,952.0,4153.0,2480.0,SPb
2023-12-27,6283.0,952.0,4153.0,2480.0,SPb
2023-12-28,11297.0,785.0,4153.0,2285.0,SPb
2023-12-29,8786.0,867.0,4153.0,2155.0,SPb
2023-12-30,8786.0,867.0,4153.0,2155.0,SPb
2023-12-31,8786.0,867.0,4153.0,2155.0,SPb
2024-01-01,8786.0,867.0,4153.0,2155.0,SPb
2024-01-02,508.0,182.0,4153.0,1645.0,SPb
2024-01-03,508.0,182.0,4153.0,1645.0,SPb
2024-01-04,2.0,188.0,4153.0,1685.0,SPb
2024-01-05,2160.0,288.0,4153.0,1746.0,SPb
2024-01-06,2816.0,217.0,4153.0,1783.0,SPb
2024-01-07,3258.0,200.0,4153.0,1746.0,SPb
2024-01-08,2024.0,239.0,4153.0,1736.0,SPb
2024-01-09,1716.0,151.0,4153.0,1800.0,SPb
2024-01-10,4470.0,169.0,4153.0,1826.0,SPb
2024-01-11,4470.0,169.0,4153.0,1826.0,SPb
2024-01-12,7123.0,221.0,4153.0,1697.0,SPb
2024-01-13,7123.0,221.0,4153.0,1697.0,SPb
2024-01-14,4533.0,329.0,4153.0,1625.0,SPb
2024-01-15,2205.0,378.0,4153.0,1658.0,SPb
2024-01-16,2652.0,407.0,4153.0,1747.0,SPb
2024-01-17,4954.0,421.0,4153.0,1698.0,SPb
2024-01-18,5845.0,452.0,4153.0,1661.0,SPb
2024-01-19,5412.0,495.0,4153.0,1613.0,SPb
2024-01-20,5412.0,495.0,4153.0,1613.0,SPb
2024-01-21,3891.0,392.0,4153.0,1586.0,SPb
2024-01-22,2160.0,284.0,4153.0,1626.0,SPb
2024-01-23,2825.0,268.0,4153.0,1689.0,SPb
2024-01-24,2825.0,268.0,4153.0,1689.0,SPb
2024-01-25,2825.0,268.0,4153.0,1689.0,SPb
2024-01-26,5252.0,375.0,4153.0,1504.0,SPb
2024-01-27,5252.0,375.0,4153.0,1504.0,SPb
2024-01-28,5252.0,375.0,4153.0,1504.0,SPb
2024-01-29,3949.0,366.0,4153.0,1432.0,SPb
2024-01-30,2838.0,381.0,4153.0,1424.0,SPb
2024-01-31,2838.0,381.0,4153.0,1424.0,SPb
2024-02-01,2838.0,381.0,4153.0,1424.0,SPb
2024-02-02,2838.0,381.0,4153.0,1424.0,SPb
2024-02-03,4453.0,459.0,4153.0,1288.0,SPb
2024-02-04,4453.0,459.0,4153.0,1288.0,SPb
2024-02-05,1933.0,398.0,4153.0,1299.0,SPb
2024-02-06,2380.0,326.0,4153.0,1340.0,SPb
2024-02-07,2380.0,326.0,4153.0,1340.0,SPb
2024-02-08,6095.0,397.0,4153.0,1333.0,SPb
2024-02-09,6095.0,397.0,4153.0,1333.0,SPb
2024-02-10,3749.0,449.0,4153.0,1280.0,SPb
2024-02-11,3749.0,449.0,4153.0,1280.0,SPb
2024-02-12,1938.0,457.0,4153.0,1305.0,SPb
2024-02-13,2830.0,491.0,4153.0,1335.0,SPb
2024-02-14,4601.0,516.0,4153.0,1366.0,SPb
2024-02-15,6111.0,509.0,4153.0,1344.0,SPb
2024-02-16,5524.0,536.0,4153.0,1315.0,SPb
2024-02-17,5524.0,536.0,4153.0,1315.0,SPb
2024-02-18,5524.0,536.0,4153.0,1315.0,SPb
2024-02-19,2719.0,557.0,4153.0,1335.0,SPb
2024-02-20,2719.0,557.0,4153.0,1335.0,SPb
2024-02-21,4528.0,594.0,4153.0,1377.0,SPb
2024-02-22,5942.0,514.0,4153.0,1351.0,SPb
2024-02-23,5942.0,514.0,4153.0,1351.0,SPb
2024-02-24,2378.0,534.0,4153.0,1242.0,SPb
2024-02-25,2376.0,362.0,4153.0,1274.0,SPb
2024-02-26,2376.0,362.0,4153.0,1274.0,SPb
2024-02-27,2662.0,387.0,4153.0,1321.0,SPb
2024-02-28,4384.0,343.0,4153.0,1304.0,SPb
2024-02-29,6025.0,379.0,4153.0,1285.0,SPb
2024-03-01,4787.0,390.0,4153.0,1281.0,SPb
2024-03-02,4787.0,390.0,4153.0,1281.0,SPb
2024-03-03,4787.0,390.0,4153.0,1281.0,SPb
2024-03-04,1851.0,409.0,4153.0,1268.0,SPb
2024-03-05,2659.0,445.0,4153.0,1274.0,SPb
2024-03-06,4008.0,454.0,4153.0,1274.0,SPb
2024-03-07,4864.0,379.0,4153.0,1223.0,SPb
2024-03-08,4864.0,379.0,4153.0,1223.0,SPb
2024-03-09,4864.0,379.0,4153.0,1223.0,SPb
2024-03-10,4864.0,379.0,4153.0,1223.0,SPb
2024-03-11,1086.0,298.0,4153.0,1164.0,SPb
